timestamp,temperature,humidity
2024-01-27 16:00:09,812,69
2024-01-27 16:00:18,812,71
2024-01-27 16:00:27,810,74
2024-01-27 16:00:37,811,69
2024-01-27 16:00:46,812,66
2024-01-27 16:00:56,812,69
2024-01-27 16:01:06,810,64
2024-01-27 16:01:16,812,68
2024-01-27 16:01:25,812,72
2024-01-27 16:01:35,812,70
2024-01-27 16:01:44,812,67
2024-01-27 16:01:53,812,69
2024-01-27 16:02:02,812,65
2024-01-27 16:02:11,812,62
2024-01-27 16:02:21,812,65
2024-01-27 16:02:30,812,67
2024-01-27 16:02:39,812,62
2024-01-27 16:02:49,812,64
2024-01-27 16:02:59,811,62
2024-01-27 16:03:08,812,57
2024-01-27 16:03:17,812,57
2024-01-27 16:03:26,810,59
2024-01-27 16:03:36,812,55
2024-01-27 16:03:46,812,58
2024-01-27 16:03:56,812,56
2024-01-27 16:04:06,812,60
2024-01-27 16:04:16,812,57
2024-01-27 16:04:26,812,57
2024-01-27 16:04:36,812,52
2024-01-27 16:04:46,810,48
2024-01-27 16:04:56,812,49
2024-01-27 16:05:05,812,50
2024-01-27 16:05:14,812,49
2024-01-27 16:05:23,811,44
2024-01-27 16:05:32,810,41
2024-01-27 16:05:42,811,44
2024-01-27 16:05:51,811,48
2024-01-27 16:06:00,812,44
2024-01-27 16:06:10,811,45
2024-01-27 16:06:20,812,47
2024-01-27 16:06:29,812,46
2024-01-27 16:06:38,812,45
2024-01-27 16:06:47,812,48
2024-01-27 16:06:56,810,50
2024-01-27 16:07:06,809,51
2024-01-27 16:07:15,812,50
2024-01-27 16:07:25,812,54
2024-01-27 16:07:34,812,58
2024-01-27 16:07:43,812,56
2024-01-27 16:07:52,812,61
2024-01-27 16:08:01,810,56
2024-01-27 16:08:10,812,58
2024-01-27 16:08:20,811,60
2024-01-27 16:08:29,812,63
2024-01-27 16:08:39,812,64
2024-01-27 16:08:49,812,69
2024-01-27 16:08:59,812,71
2024-01-27 16:09:08,812,74
2024-01-27 16:09:17,812,77
2024-01-27 16:09:26,812,73
2024-01-27 16:09:36,812,71
2024-01-27 16:09:45,810,70
2024-01-27 16:09:54,810,75
2024-01-27 16:10:03,808,73
2024-01-27 16:10:13,809,73
2024-01-27 16:10:23,812,77
2024-01-27 16:10:33,812,80
2024-01-27 16:10:42,812,80
2024-01-27 16:10:52,812,78
2024-01-27 16:11:02,812,75
2024-01-27 16:11:11,812,74
2024-01-27 16:11:20,812,77
2024-01-27 16:11:29,810,81
2024-01-27 16:11:38,812,83
2024-01-27 16:11:47,812,81
2024-01-27 16:11:57,812,85
2024-01-27 16:12:07,810,80
2024-01-27 16:12:16,812,76
2024-01-27 16:12:25,812,72
2024-01-27 16:12:35,810,71
2024-01-27 16:12:44,812,72
2024-01-27 16:12:54,812,75
2024-01-27 16:13:03,812,80
2024-01-27 16:13:12,812,79
2024-01-27 16:13:21,812,75
2024-01-27 16:13:30,812,75
2024-01-27 16:13:40,812,72
2024-01-27 16:13:49,810,70
2024-01-27 16:13:58,812,71
2024-01-27 16:14:07,812,71
2024-01-27 16:14:16,812,68
2024-01-27 16:14:25,812,68
2024-01-27 16:14:34,812,70
2024-01-27 16:14:43,812,68
2024-01-27 16:14:53,812,70
2024-01-27 16:15:02,810,69
2024-01-27 16:15:11,812,69
2024-01-27 16:15:20,812,67
2024-01-27 16:15:30,812,62
2024-01-27 16:15:40,812,65
2024-01-27 16:15:49,812,64
2024-01-27 16:15:58,812,67
2024-01-27 16:16:07,812,67
2024-01-27 16:16:17,812,66
2024-01-27 16:16:27,812,66
2024-01-27 16:16:37,812,63
2024-01-27 16:16:46,812,67
2024-01-27 16:16:56,812,72
2024-01-27 16:17:05,812,70
2024-01-27 16:17:14,812,73
2024-01-27 16:17:23,812,71
2024-01-27 16:17:33,812,69
2024-01-27 16:17:42,812,72
2024-01-27 16:17:52,812,71
2024-01-27 16:18:01,812,75
2024-01-27 16:18:10,812,73
2024-01-27 16:18:19,812,78
2024-01-27 16:18:29,812,76
2024-01-27 16:18:38,812,77
2024-01-27 16:18:48,812,82
2024-01-27 16:18:58,812,82
2024-01-27 16:19:08,812,87
2024-01-27 16:19:18,812,83
2024-01-27 16:19:27,812,87
2024-01-27 16:19:37,812,90
2024-01-27 16:19:46,810,90
2024-01-27 16:19:55,812,86
2024-01-27 16:20:04,812,88
2024-01-27 16:20:13,812,91
2024-01-27 16:20:22,812,92
2024-01-27 16:20:31,812,89
2024-01-27 16:20:41,812,84
2024-01-27 16:20:50,812,82
2024-01-27 16:20:59,812,78
2024-01-27 16:21:08,811,83
2024-01-27 16:21:18,810,80
2024-01-27 16:21:28,810,80
2024-01-27 16:21:37,809,79
2024-01-27 16:21:46,811,75
2024-01-27 16:21:56,809,75
2024-01-27 16:22:06,812,71
2024-01-27 16:22:15,812,76
2024-01-27 16:22:24,812,77
2024-01-27 16:22:34,812,81
2024-01-27 16:22:44,812,79
2024-01-27 16:22:53,812,75
2024-01-27 16:23:03,812,73
2024-01-27 16:23:13,812,69
2024-01-27 16:23:22,810,74
2024-01-27 16:23:31,811,70
2024-01-27 16:23:40,811,74
2024-01-27 16:23:49,812,72
2024-01-27 16:23:59,812,70
2024-01-27 16:24:08,811,65
2024-01-27 16:24:18,812,64
2024-01-27 16:24:27,812,59
2024-01-27 16:24:37,811,61
2024-01-27 16:24:47,812,63
2024-01-27 16:24:57,812,63
2024-01-27 16:25:06,812,67
2024-01-27 16:25:16,812,65
2024-01-27 16:25:26,811,70
2024-01-27 16:25:36,812,68
2024-01-27 16:25:45,812,70
2024-01-27 16:25:54,812,68
2024-01-27 16:26:03,812,65
2024-01-27 16:26:12,812,69
2024-01-27 16:26:21,812,64
2024-01-27 16:26:31,812,60
2024-01-27 16:26:40,812,64
2024-01-27 16:26:49,812,60
2024-01-27 16:26:58,812,62
2024-01-27 16:27:08,812,62
2024-01-27 16:27:17,810,67
2024-01-27 16:27:27,808,64
2024-01-27 16:27:37,812,59
2024-01-27 16:27:46,812,56
2024-01-27 16:27:55,812,56
2024-01-27 16:28:04,812,59
2024-01-27 16:28:14,812,61
2024-01-27 16:28:23,812,56
2024-01-27 16:28:33,812,54
2024-01-27 16:28:43,812,57
2024-01-27 16:28:53,812,56
2024-01-27 16:29:03,812,53
2024-01-27 16:29:13,812,57
2024-01-27 16:29:23,812,59
2024-01-27 16:29:33,812,56
2024-01-27 16:29:42,812,54
2024-01-27 16:29:52,812,49
2024-01-27 16:30:01,812,52
2024-01-27 16:30:11,810,53
2024-01-27 16:30:20,809,55
2024-01-27 16:30:29,812,53
2024-01-27 16:30:39,812,52
2024-01-27 16:30:49,812,54
2024-01-27 16:30:58,812,55
2024-01-27 16:31:08,812,52
2024-01-27 16:31:18,812,50
2024-01-27 16:31:27,810,45
2024-01-27 16:31:37,812,46
2024-01-27 16:31:47,812,49
2024-01-27 16:31:57,810,51
2024-01-27 16:32:07,810,56
2024-01-27 16:32:17,812,52
2024-01-27 16:32:26,812,52
2024-01-27 16:32:36,812,56
2024-01-27 16:32:46,812,57
2024-01-27 16:32:55,811,52
2024-01-27 16:33:04,812,56
2024-01-27 16:33:13,812,60
2024-01-27 16:33:23,811,56
2024-01-27 16:33:32,810,61
2024-01-27 16:33:42,808,58
2024-01-27 16:33:52,807,60
2024-01-27 16:34:02,810,57
2024-01-27 16:34:12,812,61
2024-01-27 16:34:21,812,59
2024-01-27 16:34:30,812,64
2024-01-27 16:34:40,812,64
2024-01-27 16:34:49,812,64
2024-01-27 16:34:59,812,63
2024-01-27 16:35:08,812,66
2024-01-27 16:35:17,812,68
2024-01-27 16:35:26,812,64
2024-01-27 16:35:35,812,61
2024-01-27 16:35:45,810,60
2024-01-27 16:35:55,809,63
2024-01-27 16:36:05,812,58
2024-01-27 16:36:15,812,54
2024-01-27 16:36:24,812,58
2024-01-27 16:36:34,811,60
2024-01-27 16:36:44,812,58
2024-01-27 16:36:54,812,62
2024-01-27 16:37:04,812,62
2024-01-27 16:37:14,810,59
2024-01-27 16:37:23,809,62
2024-01-27 16:37:32,807,62
2024-01-27 16:37:42,809,61
2024-01-27 16:37:52,812,59
2024-01-27 16:38:02,810,58
2024-01-27 16:38:11,809,63
2024-01-27 16:38:20,807,66
2024-01-27 16:38:29,812,70
2024-01-27 16:38:38,812,68
2024-01-27 16:38:48,812,69
2024-01-27 16:38:58,810,73
2024-01-27 16:39:08,809,72
2024-01-27 16:39:18,810,67
2024-01-27 16:39:28,812,68
2024-01-27 16:39:37,812,69
2024-01-27 16:39:46,812,70
2024-01-27 16:39:55,812,66
2024-01-27 16:40:05,812,71
2024-01-27 16:40:14,811,70
2024-01-27 16:40:24,812,68
2024-01-27 16:40:33,811,64
2024-01-27 16:40:43,811,62
2024-01-27 16:40:52,812,60
2024-01-27 16:41:01,812,63
2024-01-27 16:41:11,812,63
2024-01-27 16:41:21,810,65
2024-01-27 16:41:31,812,61
2024-01-27 16:41:40,812,59
2024-01-27 16:41:49,810,57
2024-01-27 16:41:58,812,62
2024-01-27 16:42:07,812,61
2024-01-27 16:42:16,810,64
2024-01-27 16:42:26,812,62
2024-01-27 16:42:36,812,61
2024-01-27 16:42:45,812,57
2024-01-27 16:42:54,812,54
2024-01-27 16:43:04,812,56
2024-01-27 16:43:13,812,52
2024-01-27 16:43:23,812,47
2024-01-27 16:43:32,812,46
2024-01-27 16:43:41,812,50
2024-01-27 16:43:51,810,47
2024-01-27 16:44:00,812,50
2024-01-27 16:44:10,812,52
2024-01-27 16:44:19,811,56
2024-01-27 16:44:28,812,53
2024-01-27 16:44:37,812,49
2024-01-27 16:44:46,812,47
2024-01-27 16:44:56,812,48
2024-01-27 16:45:05,812,53
2024-01-27 16:45:14,810,55
2024-01-27 16:45:24,812,57
2024-01-27 16:45:33,812,54
2024-01-27 16:45:42,812,54
2024-01-27 16:45:51,812,54
2024-01-27 16:46:01,811,59
2024-01-27 16:46:10,809,59
2024-01-27 16:46:19,812,60
2024-01-27 16:46:29,812,57
2024-01-27 16:46:38,811,58
2024-01-27 16:46:47,812,60
2024-01-27 16:46:56,812,60
2024-01-27 16:47:05,812,65
2024-01-27 16:47:15,812,63
2024-01-27 16:47:25,812,65
2024-01-27 16:47:35,811,64
2024-01-27 16:47:44,812,68
2024-01-27 16:47:53,812,70
2024-01-27 16:48:02,812,74
2024-01-27 16:48:11,812,71
2024-01-27 16:48:20,812,69
2024-01-27 16:48:29,812,71
2024-01-27 16:48:38,812,71
2024-01-27 16:48:48,812,73
2024-01-27 16:48:57,812,77
2024-01-27 16:49:06,812,82
2024-01-27 16:49:15,811,86
2024-01-27 16:49:25,812,81
2024-01-27 16:49:35,812,80
2024-01-27 16:49:44,812,81
2024-01-27 16:49:54,810,85
2024-01-27 16:50:03,811,84
2024-01-27 16:50:13,809,86
2024-01-27 16:50:23,811,87
2024-01-27 16:50:32,812,90
2024-01-27 16:50:41,812,93
2024-01-27 16:50:51,812,93
2024-01-27 16:51:00,811,93
2024-01-27 16:51:09,812,88
2024-01-27 16:51:18,812,89
2024-01-27 16:51:27,812,93
2024-01-27 16:51:36,812,89
2024-01-27 16:51:45,812,91
2024-01-27 16:51:55,812,90
2024-01-27 16:52:04,810,92
2024-01-27 16:52:14,812,90
2024-01-27 16:52:24,812,85
2024-01-27 16:52:34,812,82
2024-01-27 16:52:43,812,83
2024-01-27 16:52:53,812,78
2024-01-27 16:53:03,812,76
2024-01-27 16:53:13,812,71
2024-01-27 16:53:23,812,73
2024-01-27 16:53:33,812,76
2024-01-27 16:53:42,810,71
2024-01-27 16:53:52,809,71
2024-01-27 16:54:01,810,69
2024-01-27 16:54:10,811,71
2024-01-27 16:54:19,812,67
2024-01-27 16:54:29,810,68
2024-01-27 16:54:39,808,63
2024-01-27 16:54:49,809,64
2024-01-27 16:54:58,809,67
2024-01-27 16:55:07,812,71
2024-01-27 16:55:17,810,69
2024-01-27 16:55:26,812,72
2024-01-27 16:55:36,812,67
2024-01-27 16:55:46,812,70
2024-01-27 16:55:56,812,67
2024-01-27 16:56:05,812,62
2024-01-27 16:56:15,811,65
2024-01-27 16:56:24,812,64
2024-01-27 16:56:34,812,67
2024-01-27 16:56:44,812,66
2024-01-27 16:56:54,811,70
2024-01-27 16:57:03,812,75
2024-01-27 16:57:12,812,71
2024-01-27 16:57:21,812,71
2024-01-27 16:57:31,812,75
2024-01-27 16:57:40,812,77
2024-01-27 16:57:50,812,82
2024-01-27 16:58:00,810,78
2024-01-27 16:58:09,812,82
2024-01-27 16:58:19,812,78
2024-01-27 16:58:28,812,82
2024-01-27 16:58:37,812,86
2024-01-27 16:58:47,810,91
2024-01-27 16:58:56,812,87
2024-01-27 16:59:05,812,89
2024-01-27 16:59:15,812,92
2024-01-27 16:59:24,811,87
2024-01-27 16:59:34,811,85
2024-01-27 16:59:43,812,90
2024-01-27 16:59:52,812,93
2024-01-27 17:00:02,812,93
2024-01-27 17:00:12,812,89
2024-01-27 17:00:21,812,88
2024-01-27 17:00:30,812,90
2024-01-27 17:00:40,812,87
2024-01-27 17:00:49,810,83
2024-01-27 17:00:58,812,87
2024-01-27 17:01:08,812,86
2024-01-27 17:01:18,812,81
2024-01-27 17:01:27,812,81
2024-01-27 17:01:36,812,76
2024-01-27 17:01:46,812,81
2024-01-27 17:01:55,811,85
2024-01-27 17:02:05,811,81
2024-01-27 17:02:14,812,78
2024-01-27 17:02:23,812,75
2024-01-27 17:02:33,812,77
2024-01-27 17:02:42,812,76
2024-01-27 17:02:52,812,73
2024-01-27 17:03:02,812,74
2024-01-27 17:03:12,812,70
2024-01-27 17:03:21,811,71
2024-01-27 17:03:30,810,73
2024-01-27 17:03:39,812,69
2024-01-27 17:03:48,812,70
2024-01-27 17:03:57,810,74
2024-01-27 17:04:07,809,74
2024-01-27 17:04:16,812,77
2024-01-27 17:04:25,812,74
2024-01-27 17:04:34,811,69
2024-01-27 17:04:43,812,71
2024-01-27 17:04:53,812,76
2024-01-27 17:05:03,812,78
2024-01-27 17:05:13,812,73
2024-01-27 17:05:23,812,78
2024-01-27 17:05:33,812,77
2024-01-27 17:05:43,812,78
2024-01-27 17:05:53,812,74
2024-01-27 17:06:02,811,71
2024-01-27 17:06:11,812,69
2024-01-27 17:06:21,810,72
2024-01-27 17:06:30,812,73
2024-01-27 17:06:39,812,71
2024-01-27 17:06:48,812,70
2024-01-27 17:06:57,810,66
2024-01-27 17:07:06,812,67
2024-01-27 17:07:16,812,62
2024-01-27 17:07:26,812,61
2024-01-27 17:07:35,812,63
2024-01-27 17:07:45,810,62
2024-01-27 17:07:54,808,58
2024-01-27 17:08:04,811,61
2024-01-27 17:08:14,812,66
2024-01-27 17:08:24,811,62
2024-01-27 17:08:34,812,57
2024-01-27 17:08:44,812,57
2024-01-27 17:08:53,811,62
2024-01-27 17:09:02,812,61
2024-01-27 17:09:11,812,59
2024-01-27 17:09:20,812,56
2024-01-27 17:09:30,812,56
2024-01-27 17:09:39,812,59
2024-01-27 17:09:48,812,57
2024-01-27 17:09:58,810,57
2024-01-27 17:10:07,809,58
2024-01-27 17:10:17,808,61
2024-01-27 17:10:27,812,59
2024-01-27 17:10:36,812,62
2024-01-27 17:10:46,811,58
2024-01-27 17:10:55,812,55
2024-01-27 17:11:05,812,52
2024-01-27 17:11:15,812,56
2024-01-27 17:11:24,812,60
2024-01-27 17:11:34,812,62
2024-01-27 17:11:44,812,57
2024-01-27 17:11:54,812,60
2024-01-27 17:12:04,812,64
2024-01-27 17:12:13,812,61
2024-01-27 17:12:23,811,61
2024-01-27 17:12:33,812,62
2024-01-27 17:12:43,812,63
2024-01-27 17:12:53,812,67
2024-01-27 17:13:02,812,67
2024-01-27 17:13:11,812,62
2024-01-27 17:13:21,812,57
2024-01-27 17:13:31,812,62
2024-01-27 17:13:40,811,61
2024-01-27 17:13:50,810,65
2024-01-27 17:14:00,812,62
2024-01-27 17:14:09,812,61
2024-01-27 17:14:18,812,63
2024-01-27 17:14:28,812,63
2024-01-27 17:14:38,812,61
2024-01-27 17:14:47,811,63
2024-01-27 17:14:57,812,61
2024-01-27 17:15:06,812,66
2024-01-27 17:15:15,812,63
2024-01-27 17:15:25,810,65
2024-01-27 17:15:35,812,69
2024-01-27 17:15:44,812,64
2024-01-27 17:15:53,812,64
2024-01-27 17:16:03,812,60
2024-01-27 17:16:13,811,64
2024-01-27 17:16:22,812,64
2024-01-27 17:16:31,812,61
2024-01-27 17:16:40,812,62
2024-01-27 17:16:50,812,59
2024-01-27 17:16:59,812,55
2024-01-27 17:17:09,812,51
2024-01-27 17:17:19,812,46
2024-01-27 17:17:28,812,41
2024-01-27 17:17:37,812,41
2024-01-27 17:17:46,812,37
2024-01-27 17:17:55,810,35
2024-01-27 17:18:04,812,31
2024-01-27 17:18:14,812,27
2024-01-27 17:18:24,812,24
2024-01-27 17:18:34,812,25
2024-01-27 17:18:44,812,23
2024-01-27 17:18:54,810,26
2024-01-27 17:19:03,812,26
2024-01-27 17:19:13,812,27
2024-01-27 17:19:22,812,31
2024-01-27 17:19:32,812,27
2024-01-27 17:19:42,812,28
2024-01-27 17:19:52,812,33
2024-01-27 17:20:02,812,37
2024-01-27 17:20:12,811,34
2024-01-27 17:20:22,810,29
2024-01-27 17:20:32,811,30
2024-01-27 17:20:42,811,26
2024-01-27 17:20:51,812,22
2024-01-27 17:21:01,812,20
2024-01-27 17:21:11,810,18
2024-01-27 17:21:20,808,15
2024-01-27 17:21:30,812,17
2024-01-27 17:21:40,812,15
2024-01-27 17:21:49,811,13
2024-01-27 17:21:59,812,18
2024-01-27 17:22:08,811,23
2024-01-27 17:22:17,812,18
2024-01-27 17:22:26,812,18
2024-01-27 17:22:35,812,15
2024-01-27 17:22:45,812,13
2024-01-27 17:22:54,812,17
2024-01-27 17:23:03,812,13
2024-01-27 17:23:13,812,17
2024-01-27 17:23:22,812,16
2024-01-27 17:23:32,812,15
2024-01-27 17:23:41,812,16
2024-01-27 17:23:50,812,11
2024-01-27 17:24:00,812,13
2024-01-27 17:24:10,810,11
2024-01-27 17:24:19,812,16
2024-01-27 17:24:29,812,21
2024-01-27 17:24:39,812,21
2024-01-27 17:24:48,811,23
2024-01-27 17:24:58,812,24
2024-01-27 17:25:07,812,22
2024-01-27 17:25:17,812,24
2024-01-27 17:25:26,812,19
2024-01-27 17:25:35,812,24
2024-01-27 17:25:45,812,25
2024-01-27 17:25:54,812,23
2024-01-27 17:26:04,812,20
2024-01-27 17:26:13,810,21
2024-01-27 17:26:22,808,26
2024-01-27 17:26:31,812,23
2024-01-27 17:26:40,812,25
2024-01-27 17:26:49,812,25
2024-01-27 17:26:58,812,25
2024-01-27 17:27:08,812,25
2024-01-27 17:27:18,812,25
2024-01-27 17:27:28,811,26
2024-01-27 17:27:37,812,30
2024-01-27 17:27:47,812,32
2024-01-27 17:27:57,812,33
2024-01-27 17:28:07,812,31
2024-01-27 17:28:17,812,28
2024-01-27 17:28:26,812,24
2024-01-27 17:28:36,812,29
2024-01-27 17:28:45,812,29
2024-01-27 17:28:55,812,31
2024-01-27 17:29:04,812,26
2024-01-27 17:29:13,812,25
2024-01-27 17:29:23,812,28
2024-01-27 17:29:33,812,28
2024-01-27 17:29:43,812,23
2024-01-27 17:29:52,812,18
2024-01-27 17:30:02,812,18
2024-01-27 17:30:12,812,23
2024-01-27 17:30:21,812,28
2024-01-27 17:30:31,811,23
2024-01-27 17:30:40,811,25
2024-01-27 17:30:49,812,30
2024-01-27 17:30:58,810,27
2024-01-27 17:31:07,812,24
2024-01-27 17:31:16,812,28
2024-01-27 17:31:26,810,32
2024-01-27 17:31:36,812,27
2024-01-27 17:31:45,812,31
2024-01-27 17:31:54,812,27
2024-01-27 17:32:04,812,25
2024-01-27 17:32:13,812,28
2024-01-27 17:32:23,812,25
2024-01-27 17:32:33,812,22
2024-01-27 17:32:42,812,25
2024-01-27 17:32:52,812,20
2024-01-27 17:33:02,812,16
2024-01-27 17:33:11,812,12
2024-01-27 17:33:20,812,15
2024-01-27 17:33:29,812,12
2024-01-27 17:33:38,810,17
2024-01-27 17:33:47,811,21
2024-01-27 17:33:56,812,16
2024-01-27 17:34:06,810,18
2024-01-27 17:34:16,811,22
2024-01-27 17:34:26,810,22
2024-01-27 17:34:35,808,24
2024-01-27 17:34:44,811,23
2024-01-27 17:34:54,809,27
2024-01-27 17:35:04,810,29
2024-01-27 17:35:13,812,30
2024-01-27 17:35:23,812,27
2024-01-27 17:35:32,810,24
2024-01-27 17:35:42,808,23
2024-01-27 17:35:51,812,19
2024-01-27 17:36:01,812,22
2024-01-27 17:36:11,810,23
2024-01-27 17:36:21,812,21
2024-01-27 17:36:30,812,23
2024-01-27 17:36:40,812,26
2024-01-27 17:36:49,812,31
2024-01-27 17:36:58,812,34
2024-01-27 17:37:08,812,38
2024-01-27 17:37:18,811,34
2024-01-27 17:37:28,812,30
2024-01-27 17:37:37,812,26
2024-01-27 17:37:46,812,28
2024-01-27 17:37:56,810,29
2024-01-27 17:38:06,808,26
2024-01-27 17:38:16,810,27
2024-01-27 17:38:25,812,26
2024-01-27 17:38:34,810,22
2024-01-27 17:38:43,812,22
2024-01-27 17:38:53,811,18
2024-01-27 17:39:03,810,17
2024-01-27 17:39:13,812,12
2024-01-27 17:39:22,812,15
2024-01-27 17:39:31,812,19
2024-01-27 17:39:40,812,14
2024-01-27 17:39:50,812,11
2024-01-27 17:40:00,811,11
2024-01-27 17:40:10,811,15
2024-01-27 17:40:19,809,11
2024-01-27 17:40:29,810,11
2024-01-27 17:40:38,812,13
2024-01-27 17:40:48,812,17
2024-01-27 17:40:58,812,17
2024-01-27 17:41:08,812,12
2024-01-27 17:41:17,812,12
2024-01-27 17:41:27,812,17
2024-01-27 17:41:36,812,15
2024-01-27 17:41:45,810,16
2024-01-27 17:41:54,808,14
2024-01-27 17:42:04,806,16
2024-01-27 17:42:13,806,15
2024-01-27 17:42:23,812,14
2024-01-27 17:42:32,812,18
2024-01-27 17:42:41,812,21
2024-01-27 17:42:50,812,23
2024-01-27 17:42:59,812,26
2024-01-27 17:43:09,812,21
2024-01-27 17:43:18,812,16
2024-01-27 17:43:28,810,11
2024-01-27 17:43:37,809,13
2024-01-27 17:43:46,812,14
2024-01-27 17:43:55,812,13
2024-01-27 17:44:05,812,16
2024-01-27 17:44:14,812,12
2024-01-27 17:44:23,811,11
2024-01-27 17:44:33,812,14
2024-01-27 17:44:42,812,11
2024-01-27 17:44:51,812,14
2024-01-27 17:45:00,812,13
2024-01-27 17:45:10,810,14
2024-01-27 17:45:20,812,11
2024-01-27 17:45:29,812,15
2024-01-27 17:45:39,812,11
2024-01-27 17:45:49,812,11
2024-01-27 17:45:58,812,11
2024-01-27 17:46:07,812,11
2024-01-27 17:46:16,812,12
2024-01-27 17:46:26,812,12
2024-01-27 17:46:35,812,11
2024-01-27 17:46:45,812,11
2024-01-27 17:46:54,810,16
2024-01-27 17:47:04,811,20
2024-01-27 17:47:13,812,20
2024-01-27 17:47:23,812,21
2024-01-27 17:47:33,812,25
2024-01-27 17:47:42,811,20
2024-01-27 17:47:52,809,17
2024-01-27 17:48:01,812,17
2024-01-27 17:48:11,812,14
2024-01-27 17:48:20,811,11
2024-01-27 17:48:29,810,16
2024-01-27 17:48:39,812,19
2024-01-27 17:48:48,812,23
2024-01-27 17:48:57,811,18
2024-01-27 17:49:07,812,21
2024-01-27 17:49:17,810,18
2024-01-27 17:49:27,810,18
2024-01-27 17:49:36,812,15
2024-01-27 17:49:45,810,11
2024-01-27 17:49:55,812,11
2024-01-27 17:50:04,812,11
2024-01-27 17:50:13,812,14
2024-01-27 17:50:22,812,15
2024-01-27 17:50:32,812,11
2024-01-27 17:50:42,812,11
2024-01-27 17:50:52,810,11
2024-01-27 17:51:02,809,11
2024-01-27 17:51:12,812,11
2024-01-27 17:51:21,810,11
2024-01-27 17:51:31,810,16
2024-01-27 17:51:41,808,12
2024-01-27 17:51:51,811,13
2024-01-27 17:52:00,812,18
2024-01-27 17:52:10,812,21
2024-01-27 17:52:19,812,17
2024-01-27 17:52:28,812,13
2024-01-27 17:52:37,811,12
2024-01-27 17:52:46,811,16
2024-01-27 17:52:55,812,17
2024-01-27 17:53:04,812,13
2024-01-27 17:53:13,812,11
2024-01-27 17:53:23,812,11
2024-01-27 17:53:32,812,14
2024-01-27 17:53:42,812,17
2024-01-27 17:53:51,812,20
2024-01-27 17:54:01,812,15
2024-01-27 17:54:10,812,12
2024-01-27 17:54:20,812,11
2024-01-27 17:54:29,810,11
2024-01-27 17:54:38,812,14
2024-01-27 17:54:48,812,19
2024-01-27 17:54:58,812,20
2024-01-27 17:55:08,812,17
2024-01-27 17:55:17,812,16
2024-01-27 17:55:26,812,16
2024-01-27 17:55:35,812,16
2024-01-27 17:55:44,812,21
2024-01-27 17:55:53,812,18
2024-01-27 17:56:02,812,17
2024-01-27 17:56:12,810,19
2024-01-27 17:56:22,812,20
2024-01-27 17:56:31,812,25
2024-01-27 17:56:40,812,23
2024-01-27 17:56:49,812,28
2024-01-27 17:56:59,812,27
2024-01-27 17:57:08,812,30
2024-01-27 17:57:18,812,27
2024-01-27 17:57:28,812,23
2024-01-27 17:57:37,812,24
2024-01-27 17:57:46,812,20
2024-01-27 17:57:56,812,23
2024-01-27 17:58:06,812,19
2024-01-27 17:58:16,811,22
2024-01-27 17:58:25,812,23
2024-01-27 17:58:35,812,21
2024-01-27 17:58:45,812,22
2024-01-27 17:58:55,812,18
2024-01-27 17:59:05,812,22
2024-01-27 17:59:15,812,20
2024-01-27 17:59:25,812,20
2024-01-27 17:59:35,812,17
2024-01-27 17:59:44,812,17
2024-01-27 17:59:53,812,19
2024-01-27 18:00:03,812,17
2024-01-27 18:00:13,812,17
2024-01-27 18:00:23,812,12
2024-01-27 18:00:32,812,11
2024-01-27 18:00:42,812,11
2024-01-27 18:00:51,812,11
2024-01-27 18:01:01,812,16
2024-01-27 18:01:11,812,11
2024-01-27 18:01:20,812,12
2024-01-27 18:01:30,812,15
2024-01-27 18:01:39,811,17
2024-01-27 18:01:49,810,19
2024-01-27 18:01:58,812,17
2024-01-27 18:02:08,812,15
2024-01-27 18:02:18,812,14
2024-01-27 18:02:28,812,11
2024-01-27 18:02:37,812,11
2024-01-27 18:02:46,812,14
2024-01-27 18:02:55,812,13
2024-01-27 18:03:05,812,15
2024-01-27 18:03:14,811,14
2024-01-27 18:03:23,812,11
2024-01-27 18:03:32,812,16
2024-01-27 18:03:41,812,18
2024-01-27 18:03:50,812,15
2024-01-27 18:04:00,811,11
2024-01-27 18:04:10,812,13
2024-01-27 18:04:19,812,15
2024-01-27 18:04:29,812,13
2024-01-27 18:04:39,812,11
2024-01-27 18:04:49,810,16
2024-01-27 18:04:58,812,18
2024-01-27 18:05:07,812,14
2024-01-27 18:05:16,812,12
2024-01-27 18:05:26,812,11
2024-01-27 18:05:35,812,11
2024-01-27 18:05:44,812,16
2024-01-27 18:05:54,812,12
2024-01-27 18:06:03,812,16
2024-01-27 18:06:13,811,18
2024-01-27 18:06:22,812,17
2024-01-27 18:06:31,811,17
2024-01-27 18:06:41,812,13
2024-01-27 18:06:50,812,13
2024-01-27 18:07:00,812,11
2024-01-27 18:07:10,811,13
2024-01-27 18:07:19,809,11
2024-01-27 18:07:29,807,15
2024-01-27 18:07:38,812,14
2024-01-27 18:07:48,812,13
2024-01-27 18:07:58,812,16
2024-01-27 18:08:08,812,19
2024-01-27 18:08:17,812,24
2024-01-27 18:08:27,812,20
2024-01-27 18:08:36,812,22
2024-01-27 18:08:46,812,20
2024-01-27 18:08:56,812,23
2024-01-27 18:09:06,812,28
2024-01-27 18:09:15,812,26
2024-01-27 18:09:25,812,21
2024-01-27 18:09:34,812,18
2024-01-27 18:09:43,812,13
2024-01-27 18:09:52,812,13
2024-01-27 18:10:01,812,14
2024-01-27 18:10:10,810,12
2024-01-27 18:10:20,812,17
2024-01-27 18:10:29,812,12
2024-01-27 18:10:38,812,14
2024-01-27 18:10:48,812,18
2024-01-27 18:10:57,811,13
2024-01-27 18:11:07,812,11
2024-01-27 18:11:16,812,11
2024-01-27 18:11:26,811,12
2024-01-27 18:11:36,812,17
2024-01-27 18:11:46,812,13
2024-01-27 18:11:56,812,13
2024-01-27 18:12:06,812,16
2024-01-27 18:12:16,812,12
2024-01-27 18:12:25,812,13
2024-01-27 18:12:34,812,18
2024-01-27 18:12:43,812,20
2024-01-27 18:12:52,812,19
2024-01-27 18:13:01,810,18
2024-01-27 18:13:10,810,13
2024-01-27 18:13:20,812,16
2024-01-27 18:13:30,812,13
2024-01-27 18:13:39,812,17
2024-01-27 18:13:49,812,16
2024-01-27 18:13:58,812,13
2024-01-27 18:14:08,811,18
2024-01-27 18:14:18,811,14
2024-01-27 18:14:27,811,11
2024-01-27 18:14:36,811,15
2024-01-27 18:14:45,811,18
2024-01-27 18:14:55,809,15
2024-01-27 18:15:05,811,20
2024-01-27 18:15:14,811,22
2024-01-27 18:15:23,812,24
2024-01-27 18:15:32,812,26
2024-01-27 18:15:42,810,29
2024-01-27 18:15:51,810,24
2024-01-27 18:16:01,812,25
2024-01-27 18:16:10,811,27
2024-01-27 18:16:20,809,22
2024-01-27 18:16:30,812,19
2024-01-27 18:16:40,812,20
2024-01-27 18:16:49,812,20
2024-01-27 18:16:58,812,18
2024-01-27 18:17:08,812,17
2024-01-27 18:17:18,812,17
2024-01-27 18:17:27,811,18
2024-01-27 18:17:36,812,22
2024-01-27 18:17:45,812,21
2024-01-27 18:17:54,812,16
2024-01-27 18:18:04,812,12
2024-01-27 18:18:13,812,16
2024-01-27 18:18:22,812,19
2024-01-27 18:18:32,812,23
2024-01-27 18:18:42,812,20
2024-01-27 18:18:51,810,17
2024-01-27 18:19:01,811,12
2024-01-27 18:19:11,810,14
2024-01-27 18:19:21,812,11
2024-01-27 18:19:30,812,11
2024-01-27 18:19:39,812,11
2024-01-27 18:19:48,812,12
2024-01-27 18:19:57,810,15
2024-01-27 18:20:07,812,13
2024-01-27 18:20:16,812,13
2024-01-27 18:20:26,811,15
2024-01-27 18:20:35,812,16
2024-01-27 18:20:44,812,18
2024-01-27 18:20:54,812,16
2024-01-27 18:21:03,812,19
2024-01-27 18:21:12,812,21
2024-01-27 18:21:21,812,19
2024-01-27 18:21:31,812,21
2024-01-27 18:21:40,812,23
2024-01-27 18:21:50,812,18
2024-01-27 18:22:00,811,22
2024-01-27 18:22:09,811,18
2024-01-27 18:22:19,809,22
2024-01-27 18:22:29,810,27
2024-01-27 18:22:39,812,27
2024-01-27 18:22:48,812,25
2024-01-27 18:22:57,811,29
2024-01-27 18:23:07,812,32
2024-01-27 18:23:17,812,33
2024-01-27 18:23:26,812,38
2024-01-27 18:23:35,812,36
2024-01-27 18:23:45,812,31
2024-01-27 18:23:54,812,31
2024-01-27 18:24:04,811,28
2024-01-27 18:24:13,810,23
2024-01-27 18:24:23,812,23
2024-01-27 18:24:32,812,19
2024-01-27 18:24:41,811,16
2024-01-27 18:24:50,812,12
2024-01-27 18:24:59,811,12
2024-01-27 18:25:09,810,11
2024-01-27 18:25:18,812,11
2024-01-27 18:25:27,812,11
2024-01-27 18:25:37,812,12
2024-01-27 18:25:46,812,13
2024-01-27 18:25:55,812,13
2024-01-27 18:26:04,811,11
2024-01-27 18:26:14,811,14
2024-01-27 18:26:23,810,11
2024-01-27 18:26:33,812,16
2024-01-27 18:26:42,812,18
2024-01-27 18:26:52,812,14
2024-01-27 18:27:01,812,11
2024-01-27 18:27:11,811,11
2024-01-27 18:27:20,812,16
2024-01-27 18:27:30,812,17
2024-01-27 18:27:39,812,22
2024-01-27 18:27:48,812,24
2024-01-27 18:27:57,812,21
2024-01-27 18:28:07,812,20
2024-01-27 18:28:16,812,19
2024-01-27 18:28:25,812,21
2024-01-27 18:28:35,812,26
2024-01-27 18:28:44,812,26
2024-01-27 18:28:53,812,21
2024-01-27 18:29:03,812,26
2024-01-27 18:29:12,812,29
2024-01-27 18:29:22,812,26
2024-01-27 18:29:31,812,26
2024-01-27 18:29:40,812,30
2024-01-27 18:29:49,812,29
2024-01-27 18:29:59,812,30
2024-01-27 18:30:09,812,32
2024-01-27 18:30:19,812,34
2024-01-27 18:30:28,812,39
2024-01-27 18:30:37,810,40
2024-01-27 18:30:47,808,39
2024-01-27 18:30:57,810,40
2024-01-27 18:31:07,812,40
2024-01-27 18:31:17,812,41
2024-01-27 18:31:27,812,46
2024-01-27 18:31:37,811,42
2024-01-27 18:31:47,812,45
2024-01-27 18:31:57,812,45
2024-01-27 18:32:07,812,43
2024-01-27 18:32:16,811,47
2024-01-27 18:32:25,812,45
2024-01-27 18:32:34,812,40
2024-01-27 18:32:43,812,37
2024-01-27 18:32:53,812,32
2024-01-27 18:33:02,811,37
2024-01-27 18:33:12,812,37
2024-01-27 18:33:21,812,39
2024-01-27 18:33:31,812,42
2024-01-27 18:33:41,812,44
2024-01-27 18:33:51,812,46
2024-01-27 18:34:01,811,49
2024-01-27 18:34:10,812,52
2024-01-27 18:34:20,812,47
2024-01-27 18:34:29,812,45
2024-01-27 18:34:38,812,42
2024-01-27 18:34:48,812,37
2024-01-27 18:34:58,811,33
2024-01-27 18:35:07,812,34
2024-01-27 18:35:16,812,30
2024-01-27 18:35:25,810,29
2024-01-27 18:35:35,811,27
2024-01-27 18:35:44,812,25
2024-01-27 18:35:54,810,21
2024-01-27 18:36:03,812,17
2024-01-27 18:36:13,812,13
2024-01-27 18:36:22,812,11
2024-01-27 18:36:32,812,11
2024-01-27 18:36:41,812,11
2024-01-27 18:36:50,811,11
2024-01-27 18:37:00,810,11
2024-01-27 18:37:10,811,16
2024-01-27 18:37:19,812,20
2024-01-27 18:37:28,812,18
2024-01-27 18:37:37,812,19
2024-01-27 18:37:47,812,20
2024-01-27 18:37:57,812,19
2024-01-27 18:38:07,812,19
2024-01-27 18:38:16,812,15
2024-01-27 18:38:25,810,20
2024-01-27 18:38:34,808,17
2024-01-27 18:38:44,806,21
2024-01-27 18:38:54,807,26
2024-01-27 18:39:04,812,23
2024-01-27 18:39:13,812,27
2024-01-27 18:39:23,812,28
2024-01-27 18:39:33,812,25
2024-01-27 18:39:42,812,25
2024-01-27 18:39:52,812,30
2024-01-27 18:40:01,811,27
2024-01-27 18:40:10,812,23
2024-01-27 18:40:20,812,25
2024-01-27 18:40:30,812,29
2024-01-27 18:40:40,812,28
2024-01-27 18:40:50,812,23
2024-01-27 18:41:00,812,24
2024-01-27 18:41:10,812,19
2024-01-27 18:41:20,812,24
2024-01-27 18:41:29,810,20
2024-01-27 18:41:39,812,22
2024-01-27 18:41:49,812,23
2024-01-27 18:41:59,812,23
2024-01-27 18:42:08,812,20
2024-01-27 18:42:17,811,17
2024-01-27 18:42:27,812,15
2024-01-27 18:42:36,810,17
2024-01-27 18:42:45,812,15
2024-01-27 18:42:55,810,15
2024-01-27 18:43:04,811,11
2024-01-27 18:43:14,812,11
2024-01-27 18:43:23,812,11
2024-01-27 18:43:32,812,15
2024-01-27 18:43:42,811,17
2024-01-27 18:43:51,810,20
2024-01-27 18:44:00,812,19
2024-01-27 18:44:09,812,14
2024-01-27 18:44:19,812,15
2024-01-27 18:44:28,812,19
2024-01-27 18:44:38,812,15
2024-01-27 18:44:48,810,16
2024-01-27 18:44:57,812,11
2024-01-27 18:45:07,812,11
2024-01-27 18:45:16,812,11
2024-01-27 18:45:25,812,15
2024-01-27 18:45:35,811,16
2024-01-27 18:45:45,811,19
2024-01-27 18:45:55,812,19
2024-01-27 18:46:04,812,19
2024-01-27 18:46:14,812,19
2024-01-27 18:46:24,812,24
2024-01-27 18:46:33,812,22
2024-01-27 18:46:43,810,23
2024-01-27 18:46:53,812,22
2024-01-27 18:47:02,812,22
2024-01-27 18:47:11,812,18
2024-01-27 18:47:21,812,13
2024-01-27 18:47:31,812,11
2024-01-27 18:47:40,810,13
2024-01-27 18:47:49,812,11
2024-01-27 18:47:58,812,11
2024-01-27 18:48:07,812,13
2024-01-27 18:48:17,812,18
2024-01-27 18:48:27,812,22
2024-01-27 18:48:36,812,17
2024-01-27 18:48:45,811,14
2024-01-27 18:48:54,812,13
2024-01-27 18:49:03,812,11
2024-01-27 18:49:13,812,11
2024-01-27 18:49:23,812,11
2024-01-27 18:49:32,812,14
2024-01-27 18:49:41,812,12
2024-01-27 18:49:51,812,12
2024-01-27 18:50:01,812,11
2024-01-27 18:50:10,812,11
2024-01-27 18:50:20,812,11
2024-01-27 18:50:30,812,16
2024-01-27 18:50:39,810,21
2024-01-27 18:50:49,812,22
2024-01-27 18:50:59,812,26
2024-01-27 18:51:09,811,22
2024-01-27 18:51:18,810,26
2024-01-27 18:51:27,812,26
2024-01-27 18:51:36,812,25
2024-01-27 18:51:45,812,29
2024-01-27 18:51:55,812,27
2024-01-27 18:52:05,812,28
2024-01-27 18:52:15,812,33
2024-01-27 18:52:25,810,36
2024-01-27 18:52:35,809,39
2024-01-27 18:52:44,812,38
2024-01-27 18:52:53,812,33
2024-01-27 18:53:02,812,31
2024-01-27 18:53:12,812,34
2024-01-27 18:53:22,812,34
2024-01-27 18:53:32,812,36
2024-01-27 18:53:42,812,31
2024-01-27 18:53:51,812,33
2024-01-27 18:54:00,812,29
2024-01-27 18:54:09,810,29
2024-01-27 18:54:19,812,32
2024-01-27 18:54:28,812,37
2024-01-27 18:54:38,811,37
2024-01-27 18:54:48,812,38
2024-01-27 18:54:58,812,34
2024-01-27 18:55:07,811,30
2024-01-27 18:55:16,812,28
2024-01-27 18:55:25,812,23
2024-01-27 18:55:35,811,19
2024-01-27 18:55:45,812,20
2024-01-27 18:55:55,812,23
2024-01-27 18:56:05,812,23
2024-01-27 18:56:14,812,22
2024-01-27 18:56:23,812,19
2024-01-27 18:56:32,811,19
2024-01-27 18:56:42,812,18
2024-01-27 18:56:52,812,15
2024-01-27 18:57:01,812,18
2024-01-27 18:57:11,812,20
2024-01-27 18:57:21,812,19
2024-01-27 18:57:31,812,17
2024-01-27 18:57:40,812,13
2024-01-27 18:57:50,812,16
2024-01-27 18:57:59,812,20
2024-01-27 18:58:09,812,25
2024-01-27 18:58:18,812,20
2024-01-27 18:58:28,812,20
2024-01-27 18:58:38,812,22
2024-01-27 18:58:47,812,18
2024-01-27 18:58:56,812,14
2024-01-27 18:59:05,812,12
2024-01-27 18:59:15,812,11
2024-01-27 18:59:25,811,14
2024-01-27 18:59:34,809,14
2024-01-27 18:59:43,809,14
2024-01-27 18:59:52,811,16
2024-01-27 19:00:01,812,15
2024-01-27 19:00:10,812,20
2024-01-27 19:00:20,812,16
2024-01-27 19:00:30,812,17
2024-01-27 19:00:40,812,20
2024-01-27 19:00:50,812,19
2024-01-27 19:01:00,812,14
2024-01-27 19:01:10,810,13
2024-01-27 19:01:20,811,18
2024-01-27 19:01:29,812,16
2024-01-27 19:01:39,812,19
2024-01-27 19:01:48,812,15
2024-01-27 19:01:58,812,20
2024-01-27 19:02:07,812,23
2024-01-27 19:02:17,812,23
2024-01-27 19:02:27,812,21
2024-01-27 19:02:37,811,26
2024-01-27 19:02:47,812,30
2024-01-27 19:02:57,812,32
2024-01-27 19:03:07,812,35
2024-01-27 19:03:17,812,38
2024-01-27 19:03:27,812,40
2024-01-27 19:03:36,812,35
2024-01-27 19:03:45,812,38
2024-01-27 19:03:55,812,43
2024-01-27 19:04:04,812,47
2024-01-27 19:04:13,812,46
2024-01-27 19:04:22,812,43
2024-01-27 19:04:32,812,44
2024-01-27 19:04:42,812,39
2024-01-27 19:04:51,812,35
2024-01-27 19:05:00,812,35
2024-01-27 19:05:09,812,35
2024-01-27 19:05:19,812,34
2024-01-27 19:05:28,812,37
2024-01-27 19:05:37,811,38
2024-01-27 19:05:47,809,36
2024-01-27 19:05:57,812,39
2024-01-27 19:06:06,810,39
2024-01-27 19:06:16,812,36
2024-01-27 19:06:26,812,37
2024-01-27 19:06:36,812,34
2024-01-27 19:06:46,812,33
2024-01-27 19:06:55,810,31
2024-01-27 19:07:05,812,35
2024-01-27 19:07:14,812,34
2024-01-27 19:07:23,812,29
2024-01-27 19:07:32,812,26
2024-01-27 19:07:42,812,22
2024-01-27 19:07:51,812,18
2024-01-27 19:08:00,811,14
2024-01-27 19:08:09,812,15
2024-01-27 19:08:19,812,15
2024-01-27 19:08:29,812,15
2024-01-27 19:08:38,812,15
2024-01-27 19:08:48,812,18
2024-01-27 19:08:58,812,13
2024-01-27 19:09:07,812,18
2024-01-27 19:09:16,810,16
2024-01-27 19:09:26,812,21
2024-01-27 19:09:35,810,16
2024-01-27 19:09:45,808,12
2024-01-27 19:09:54,809,11
2024-01-27 19:10:04,812,16
2024-01-27 19:10:13,812,19
2024-01-27 19:10:23,812,21
2024-01-27 19:10:32,812,19
2024-01-27 19:10:41,812,19
2024-01-27 19:10:50,812,15
2024-01-27 19:10:59,810,12
2024-01-27 19:11:09,811,17
2024-01-27 19:11:18,812,22
2024-01-27 19:11:27,812,21
2024-01-27 19:11:37,811,21
2024-01-27 19:11:46,812,21
2024-01-27 19:11:55,812,24
2024-01-27 19:12:04,812,27
2024-01-27 19:12:14,812,25
2024-01-27 19:12:23,812,28
2024-01-27 19:12:33,811,25
2024-01-27 19:12:42,812,20
2024-01-27 19:12:51,812,24
2024-01-27 19:13:01,812,19
2024-01-27 19:13:11,811,19
2024-01-27 19:13:21,810,18
2024-01-27 19:13:30,812,19
2024-01-27 19:13:39,810,14
2024-01-27 19:13:49,812,14
2024-01-27 19:13:58,812,18
2024-01-27 19:14:07,812,17
2024-01-27 19:14:17,810,20
2024-01-27 19:14:27,810,23
2024-01-27 19:14:37,812,26
2024-01-27 19:14:47,812,25
2024-01-27 19:14:57,812,30
2024-01-27 19:15:06,810,35
2024-01-27 19:15:16,812,38
2024-01-27 19:15:25,810,43
2024-01-27 19:15:35,812,39
2024-01-27 19:15:45,812,44
2024-01-27 19:15:54,812,49
2024-01-27 19:16:03,812,51
2024-01-27 19:16:12,810,52
2024-01-27 19:16:21,812,50
2024-01-27 19:16:31,812,49
2024-01-27 19:16:40,810,50
2024-01-27 19:16:50,812,45
2024-01-27 19:16:59,812,42
2024-01-27 19:17:09,812,46
2024-01-27 19:17:18,812,46
2024-01-27 19:17:28,812,45
2024-01-27 19:17:38,812,42
2024-01-27 19:17:48,812,38
2024-01-27 19:17:57,812,34
2024-01-27 19:18:06,812,32
2024-01-27 19:18:15,812,32
2024-01-27 19:18:25,810,29
2024-01-27 19:18:34,812,25
2024-01-27 19:18:43,810,30
2024-01-27 19:18:52,812,27
2024-01-27 19:19:02,812,26
2024-01-27 19:19:11,812,30
2024-01-27 19:19:21,812,32
2024-01-27 19:19:31,812,27
2024-01-27 19:19:40,810,27
2024-01-27 19:19:50,812,28
2024-01-27 19:20:00,812,33
2024-01-27 19:20:10,812,30
2024-01-27 19:20:20,812,26
2024-01-27 19:20:29,812,23
2024-01-27 19:20:38,811,20
2024-01-27 19:20:48,812,19
2024-01-27 19:20:57,812,16
2024-01-27 19:21:06,812,13
2024-01-27 19:21:15,812,11
2024-01-27 19:21:24,812,11
2024-01-27 19:21:33,812,11
2024-01-27 19:21:42,812,11
2024-01-27 19:21:51,810,13
2024-01-27 19:22:01,812,17
2024-01-27 19:22:10,812,22
2024-01-27 19:22:19,811,26
2024-01-27 19:22:29,812,31
2024-01-27 19:22:38,812,29
2024-01-27 19:22:48,810,33
2024-01-27 19:22:58,812,29
2024-01-27 19:23:08,812,34
2024-01-27 19:23:18,810,32
2024-01-27 19:23:28,808,27
2024-01-27 19:23:37,812,28
2024-01-27 19:23:47,812,32
2024-01-27 19:23:57,812,34
2024-01-27 19:24:06,812,39
2024-01-27 19:24:15,810,41
2024-01-27 19:24:24,812,43
2024-01-27 19:24:34,812,38
2024-01-27 19:24:44,810,37
2024-01-27 19:24:54,812,39
2024-01-27 19:25:04,812,35
2024-01-27 19:25:14,812,37
2024-01-27 19:25:24,812,33
2024-01-27 19:25:33,812,38
2024-01-27 19:25:42,812,36
2024-01-27 19:25:51,812,39
2024-01-27 19:26:00,812,40
2024-01-27 19:26:09,812,39
2024-01-27 19:26:18,812,43
2024-01-27 19:26:28,812,41
2024-01-27 19:26:38,812,43
2024-01-27 19:26:47,811,42
2024-01-27 19:26:57,812,43
2024-01-27 19:27:07,812,48
2024-01-27 19:27:17,811,44
2024-01-27 19:27:27,812,41
2024-01-27 19:27:36,810,38
2024-01-27 19:27:46,812,37
2024-01-27 19:27:56,812,38
2024-01-27 19:28:05,812,39
2024-01-27 19:28:15,810,39
2024-01-27 19:28:24,812,42
2024-01-27 19:28:34,812,44
2024-01-27 19:28:44,812,39
2024-01-27 19:28:54,812,34
2024-01-27 19:29:04,812,36
2024-01-27 19:29:14,812,36
2024-01-27 19:29:24,810,31
2024-01-27 19:29:34,812,28
2024-01-27 19:29:44,812,29
2024-01-27 19:29:54,812,30
2024-01-27 19:30:03,812,25
2024-01-27 19:30:12,812,25
2024-01-27 19:30:22,810,29
2024-01-27 19:30:32,812,24
2024-01-27 19:30:42,810,23
2024-01-27 19:30:52,810,21
2024-01-27 19:31:02,810,23
2024-01-27 19:31:11,812,27
2024-01-27 19:31:20,812,29
2024-01-27 19:31:30,812,31
2024-01-27 19:31:40,812,34
2024-01-27 19:31:50,812,31
2024-01-27 19:31:59,812,28
2024-01-27 19:32:09,812,26
2024-01-27 19:32:19,812,29
2024-01-27 19:32:29,812,32
2024-01-27 19:32:39,812,37
2024-01-27 19:32:48,812,42
2024-01-27 19:32:58,812,45
2024-01-27 19:33:07,811,50
2024-01-27 19:33:17,812,49
2024-01-27 19:33:27,812,44
2024-01-27 19:33:37,812,41
2024-01-27 19:33:47,812,40
2024-01-27 19:33:57,812,44
2024-01-27 19:34:06,812,44
2024-01-27 19:34:15,812,41
2024-01-27 19:34:25,812,36
2024-01-27 19:34:34,812,39
2024-01-27 19:34:44,812,42
2024-01-27 19:34:53,812,38
2024-01-27 19:35:03,811,43
2024-01-27 19:35:12,812,47
2024-01-27 19:35:21,812,51
2024-01-27 19:35:31,812,51
2024-01-27 19:35:41,812,47
2024-01-27 19:35:51,812,52
2024-01-27 19:36:01,812,53
2024-01-27 19:36:10,812,57
2024-01-27 19:36:20,811,52
2024-01-27 19:36:29,812,55
2024-01-27 19:36:39,812,53
2024-01-27 19:36:49,811,58
2024-01-27 19:36:59,812,61
2024-01-27 19:37:09,812,60
2024-01-27 19:37:19,812,58
2024-01-27 19:37:28,810,61
2024-01-27 19:37:38,812,59
2024-01-27 19:37:47,812,58
2024-01-27 19:37:57,812,57
2024-01-27 19:38:06,811,57
2024-01-27 19:38:16,812,60
2024-01-27 19:38:25,812,57
2024-01-27 19:38:35,812,62
2024-01-27 19:38:45,811,61
2024-01-27 19:38:54,812,56
2024-01-27 19:39:03,812,56
2024-01-27 19:39:13,810,57
2024-01-27 19:39:23,812,52
2024-01-27 19:39:32,812,53
2024-01-27 19:39:42,812,58
2024-01-27 19:39:51,812,63
2024-01-27 19:40:01,812,64
2024-01-27 19:40:10,812,66
2024-01-27 19:40:19,812,62
2024-01-27 19:40:29,812,60
2024-01-27 19:40:39,810,55
2024-01-27 19:40:48,808,54
2024-01-27 19:40:58,807,53
2024-01-27 19:41:08,808,50
2024-01-27 19:41:18,811,47
2024-01-27 19:41:27,810,45
2024-01-27 19:41:37,812,41
2024-01-27 19:41:46,812,44
2024-01-27 19:41:55,812,46
2024-01-27 19:42:04,812,44
2024-01-27 19:42:13,812,44
2024-01-27 19:42:22,812,42
2024-01-27 19:42:31,812,41
2024-01-27 19:42:40,812,39
2024-01-27 19:42:49,811,42
2024-01-27 19:42:59,812,45
2024-01-27 19:43:08,811,44
2024-01-27 19:43:18,812,48
2024-01-27 19:43:28,812,52
2024-01-27 19:43:37,812,55
2024-01-27 19:43:46,811,50
2024-01-27 19:43:56,812,52
2024-01-27 19:44:05,812,56
2024-01-27 19:44:15,812,58
2024-01-27 19:44:24,812,62
2024-01-27 19:44:34,812,65
2024-01-27 19:44:44,812,63
2024-01-27 19:44:54,812,64
2024-01-27 19:45:04,812,66
2024-01-27 19:45:14,812,70
2024-01-27 19:45:23,811,70
2024-01-27 19:45:32,812,67
2024-01-27 19:45:41,812,66
2024-01-27 19:45:51,812,66
2024-01-27 19:46:01,812,71
2024-01-27 19:46:10,812,69
2024-01-27 19:46:20,812,65
2024-01-27 19:46:30,812,63
2024-01-27 19:46:40,812,65
2024-01-27 19:46:49,812,62
2024-01-27 19:46:58,812,60
2024-01-27 19:47:07,811,62
2024-01-27 19:47:17,812,58
2024-01-27 19:47:27,812,62
2024-01-27 19:47:37,812,65
2024-01-27 19:47:46,812,65
2024-01-27 19:47:55,812,63
2024-01-27 19:48:05,811,64
2024-01-27 19:48:15,812,66
2024-01-27 19:48:24,810,65
2024-01-27 19:48:34,811,63
2024-01-27 19:48:44,812,67
2024-01-27 19:48:53,810,70
2024-01-27 19:49:02,808,75
2024-01-27 19:49:12,808,80
2024-01-27 19:49:21,812,79
2024-01-27 19:49:31,811,77
2024-01-27 19:49:41,812,72
2024-01-27 19:49:50,812,70
2024-01-27 19:49:59,812,66
2024-01-27 19:50:08,812,67
2024-01-27 19:50:17,812,62
2024-01-27 19:50:26,812,66
2024-01-27 19:50:36,811,70
2024-01-27 19:50:45,812,73
2024-01-27 19:50:54,812,71
2024-01-27 19:51:04,812,69
2024-01-27 19:51:13,812,74
2024-01-27 19:51:22,812,69
2024-01-27 19:51:31,812,66
2024-01-27 19:51:40,812,62
2024-01-27 19:51:49,812,63
2024-01-27 19:51:58,812,58
2024-01-27 19:52:08,812,53
2024-01-27 19:52:18,812,56
2024-01-27 19:52:27,812,54
2024-01-27 19:52:36,812,49
2024-01-27 19:52:46,812,51
2024-01-27 19:52:55,812,56
2024-01-27 19:53:05,812,55
2024-01-27 19:53:15,812,53
2024-01-27 19:53:24,811,55
2024-01-27 19:53:34,812,55
2024-01-27 19:53:43,812,56
2024-01-27 19:53:52,812,54
2024-01-27 19:54:01,812,57
2024-01-27 19:54:11,812,53
2024-01-27 19:54:21,812,54
2024-01-27 19:54:31,812,51
2024-01-27 19:54:41,812,52
2024-01-27 19:54:51,812,57
2024-01-27 19:55:00,812,55
2024-01-27 19:55:09,812,57
2024-01-27 19:55:18,812,58
2024-01-27 19:55:28,812,53
2024-01-27 19:55:38,811,56
2024-01-27 19:55:48,812,55
2024-01-27 19:55:58,812,58
2024-01-27 19:56:08,812,54
2024-01-27 19:56:17,812,58
2024-01-27 19:56:26,812,63
2024-01-27 19:56:36,812,65
2024-01-27 19:56:46,812,67
2024-01-27 19:56:55,812,69
2024-01-27 19:57:04,812,69
2024-01-27 19:57:14,812,71
2024-01-27 19:57:24,812,76
2024-01-27 19:57:33,812,80
2024-01-27 19:57:43,812,85
2024-01-27 19:57:53,812,80
2024-01-27 19:58:02,812,80
2024-01-27 19:58:11,812,79
2024-01-27 19:58:21,812,78
2024-01-27 19:58:31,812,74
2024-01-27 19:58:41,812,72
2024-01-27 19:58:51,812,74
2024-01-27 19:59:00,812,77
2024-01-27 19:59:10,812,78
2024-01-27 19:59:19,812,81
2024-01-27 19:59:29,812,77
2024-01-27 19:59:38,812,81
2024-01-27 19:59:48,812,83
2024-01-27 19:59:58,812,79
2024-01-27 20:00:07,812,84
2024-01-27 20:00:17,811,82
2024-01-27 20:00:26,812,81
2024-01-27 20:00:35,812,77
2024-01-27 20:00:44,812,76
2024-01-27 20:00:53,810,72
2024-01-27 20:01:02,812,75
2024-01-27 20:01:12,812,76
2024-01-27 20:01:21,812,75
2024-01-27 20:01:30,812,72
2024-01-27 20:01:39,812,71
2024-01-27 20:01:48,812,76
2024-01-27 20:01:57,810,77
2024-01-27 20:02:06,812,82
2024-01-27 20:02:16,812,81
2024-01-27 20:02:25,812,85
2024-01-27 20:02:34,812,80
2024-01-27 20:02:44,812,84
2024-01-27 20:02:54,811,88
2024-01-27 20:03:03,812,85
2024-01-27 20:03:13,810,90
2024-01-27 20:03:22,812,93
2024-01-27 20:03:31,812,93
2024-01-27 20:03:41,812,93
2024-01-27 20:03:51,811,90
2024-01-27 20:04:00,810,93
2024-01-27 20:04:10,808,93
2024-01-27 20:04:19,812,90
2024-01-27 20:04:28,812,86
2024-01-27 20:04:38,812,90
2024-01-27 20:04:48,812,93
2024-01-27 20:04:57,812,93
2024-01-27 20:05:07,812,93
2024-01-27 20:05:17,810,93
2024-01-27 20:05:27,809,91
2024-01-27 20:05:37,812,89
2024-01-27 20:05:46,812,92
2024-01-27 20:05:56,812,88
2024-01-27 20:06:06,812,88
2024-01-27 20:06:15,810,88
2024-01-27 20:06:24,812,90
2024-01-27 20:06:33,812,92
2024-01-27 20:06:42,812,90
2024-01-27 20:06:52,812,90
2024-01-27 20:07:01,812,93
2024-01-27 20:07:11,812,91
2024-01-27 20:07:20,812,86
2024-01-27 20:07:29,812,88
2024-01-27 20:07:39,812,85
2024-01-27 20:07:49,810,90
2024-01-27 20:07:58,812,92
2024-01-27 20:08:07,812,88
2024-01-27 20:08:17,812,90
2024-01-27 20:08:27,812,93
2024-01-27 20:08:36,810,88
2024-01-27 20:08:46,812,83
2024-01-27 20:08:55,812,79
2024-01-27 20:09:04,812,84
2024-01-27 20:09:14,812,82
2024-01-27 20:09:24,812,82
2024-01-27 20:09:34,810,79
2024-01-27 20:09:43,809,82
2024-01-27 20:09:53,812,87
2024-01-27 20:10:02,812,90
2024-01-27 20:10:11,812,91
2024-01-27 20:10:21,810,91
2024-01-27 20:10:31,811,87
2024-01-27 20:10:40,812,84
2024-01-27 20:10:50,812,86
2024-01-27 20:11:00,812,81
2024-01-27 20:11:09,812,76
2024-01-27 20:11:19,812,78
2024-01-27 20:11:28,812,83
2024-01-27 20:11:38,810,88
2024-01-27 20:11:47,812,92
2024-01-27 20:11:56,812,93
2024-01-27 20:12:05,812,93
2024-01-27 20:12:15,812,93
2024-01-27 20:12:25,812,93
2024-01-27 20:12:34,812,89
2024-01-27 20:12:44,812,87
2024-01-27 20:12:54,812,92
2024-01-27 20:13:03,810,93
2024-01-27 20:13:13,812,93
2024-01-27 20:13:23,812,93
2024-01-27 20:13:32,812,93
2024-01-27 20:13:42,812,93
2024-01-27 20:13:52,812,92
2024-01-27 20:14:02,810,93
2024-01-27 20:14:12,812,91
2024-01-27 20:14:21,812,93
2024-01-27 20:14:30,812,88
2024-01-27 20:14:40,812,87
2024-01-27 20:14:50,812,92
2024-01-27 20:14:59,812,92
2024-01-27 20:15:08,812,93
2024-01-27 20:15:18,812,88
2024-01-27 20:15:27,812,87
2024-01-27 20:15:37,812,86
2024-01-27 20:15:46,811,90
2024-01-27 20:15:56,812,88
2024-01-27 20:16:06,812,91
2024-01-27 20:16:16,811,93
2024-01-27 20:16:26,812,91
2024-01-27 20:16:36,812,87
2024-01-27 20:16:45,812,92
2024-01-27 20:16:55,810,88
2024-01-27 20:17:04,812,83
2024-01-27 20:17:14,812,86
2024-01-27 20:17:23,812,88
2024-01-27 20:17:33,810,84
2024-01-27 20:17:43,812,89
2024-01-27 20:17:52,812,85
2024-01-27 20:18:01,812,88
2024-01-27 20:18:10,811,91
2024-01-27 20:18:20,812,93
2024-01-27 20:18:29,812,93
2024-01-27 20:18:38,812,93
2024-01-27 20:18:48,812,93
2024-01-27 20:18:57,812,93
2024-01-27 20:19:07,812,93
2024-01-27 20:19:16,812,93
2024-01-27 20:19:26,812,90
2024-01-27 20:19:35,812,88
2024-01-27 20:19:45,812,84
2024-01-27 20:19:55,812,88
2024-01-27 20:20:04,812,86
2024-01-27 20:20:14,812,84
2024-01-27 20:20:23,812,84
2024-01-27 20:20:33,812,87
2024-01-27 20:20:42,812,90
2024-01-27 20:20:52,812,93
2024-01-27 20:21:01,812,90
2024-01-27 20:21:10,811,86
2024-01-27 20:21:20,812,90
2024-01-27 20:21:30,811,93
2024-01-27 20:21:39,812,90
2024-01-27 20:21:48,812,92
2024-01-27 20:21:58,811,93
2024-01-27 20:22:07,811,93
2024-01-27 20:22:17,812,90
2024-01-27 20:22:26,812,92
2024-01-27 20:22:35,810,87
2024-01-27 20:22:45,809,90
2024-01-27 20:22:55,812,86
2024-01-27 20:23:05,812,86
2024-01-27 20:23:15,812,90
2024-01-27 20:23:24,810,93
2024-01-27 20:23:33,810,93
2024-01-27 20:23:43,812,93
2024-01-27 20:23:53,812,93
2024-01-27 20:24:02,812,93
2024-01-27 20:24:12,812,88
2024-01-27 20:24:21,812,92
2024-01-27 20:24:31,812,91
2024-01-27 20:24:40,810,93
2024-01-27 20:24:49,808,90
2024-01-27 20:24:59,812,93
2024-01-27 20:25:08,812,93
2024-01-27 20:25:18,812,91
2024-01-27 20:25:27,811,91
2024-01-27 20:25:37,812,90
2024-01-27 20:25:46,812,90
2024-01-27 20:25:55,812,89
2024-01-27 20:26:05,812,88
2024-01-27 20:26:14,812,92
2024-01-27 20:26:23,812,88
2024-01-27 20:26:33,812,84
2024-01-27 20:26:42,811,88
2024-01-27 20:26:51,810,93
2024-01-27 20:27:01,809,92
2024-01-27 20:27:11,809,93
2024-01-27 20:27:20,807,89
2024-01-27 20:27:29,807,88
2024-01-27 20:27:38,809,92
2024-01-27 20:27:47,810,93
2024-01-27 20:27:56,808,89
2024-01-27 20:28:05,812,93
2024-01-27 20:28:14,812,92
2024-01-27 20:28:24,812,93
2024-01-27 20:28:34,812,90
2024-01-27 20:28:43,811,93
2024-01-27 20:28:52,812,93
2024-01-27 20:29:01,810,92
2024-01-27 20:29:11,811,87
2024-01-27 20:29:21,810,82
2024-01-27 20:29:31,809,78
2024-01-27 20:29:40,812,80
2024-01-27 20:29:50,811,76
2024-01-27 20:30:00,812,80
2024-01-27 20:30:10,812,85
2024-01-27 20:30:19,812,88
2024-01-27 20:30:28,812,86
2024-01-27 20:30:37,812,83
2024-01-27 20:30:46,812,84
2024-01-27 20:30:56,811,85
2024-01-27 20:31:05,809,89
2024-01-27 20:31:15,812,89
2024-01-27 20:31:24,812,89
2024-01-27 20:31:34,812,89
2024-01-27 20:31:44,812,84
2024-01-27 20:31:54,812,84
2024-01-27 20:32:03,812,85
2024-01-27 20:32:12,812,82
2024-01-27 20:32:21,812,87
2024-01-27 20:32:31,810,92
2024-01-27 20:32:40,812,90
2024-01-27 20:32:50,812,93
2024-01-27 20:32:59,812,92
2024-01-27 20:33:08,812,91
2024-01-27 20:33:17,812,93
2024-01-27 20:33:27,812,89
2024-01-27 20:33:37,810,91
2024-01-27 20:33:47,812,93
2024-01-27 20:33:56,810,89
2024-01-27 20:34:05,812,93
2024-01-27 20:34:15,812,91
2024-01-27 20:34:24,812,89
2024-01-27 20:34:34,811,89
2024-01-27 20:34:44,810,90
2024-01-27 20:34:53,808,86
2024-01-27 20:35:03,812,82
2024-01-27 20:35:12,811,78
2024-01-27 20:35:22,812,80
2024-01-27 20:35:32,812,78
2024-01-27 20:35:42,812,80
2024-01-27 20:35:52,812,82
2024-01-27 20:36:01,812,84
2024-01-27 20:36:11,811,84
2024-01-27 20:36:20,812,84
2024-01-27 20:36:30,812,85
2024-01-27 20:36:40,812,89
2024-01-27 20:36:49,812,93
2024-01-27 20:36:58,812,93
2024-01-27 20:37:08,812,93
2024-01-27 20:37:17,811,93
2024-01-27 20:37:26,809,93
2024-01-27 20:37:35,809,91
2024-01-27 20:37:45,812,93
2024-01-27 20:37:55,812,93
2024-01-27 20:38:04,812,89
2024-01-27 20:38:14,812,84
2024-01-27 20:38:23,812,79
2024-01-27 20:38:32,810,79
2024-01-27 20:38:41,812,78
2024-01-27 20:38:50,810,82
2024-01-27 20:39:00,809,86
2024-01-27 20:39:10,811,82
2024-01-27 20:39:19,809,79
2024-01-27 20:39:29,812,84
2024-01-27 20:39:39,812,80
2024-01-27 20:39:49,812,77
2024-01-27 20:39:58,812,73
2024-01-27 20:40:07,812,73
2024-01-27 20:40:17,812,68
2024-01-27 20:40:27,812,67
2024-01-27 20:40:36,812,63
2024-01-27 20:40:46,812,60
2024-01-27 20:40:56,812,64
2024-01-27 20:41:05,811,65
2024-01-27 20:41:14,812,66
2024-01-27 20:41:23,812,66
2024-01-27 20:41:32,812,64
2024-01-27 20:41:42,812,59
2024-01-27 20:41:51,810,57
2024-01-27 20:42:01,810,53
2024-01-27 20:42:11,812,52
2024-01-27 20:42:20,812,57
2024-01-27 20:42:30,810,61
2024-01-27 20:42:39,812,66
2024-01-27 20:42:48,812,71
2024-01-27 20:42:58,812,76
2024-01-27 20:43:08,812,71
2024-01-27 20:43:17,812,70
2024-01-27 20:43:26,812,69
2024-01-27 20:43:36,812,73
2024-01-27 20:43:46,810,77
2024-01-27 20:43:55,812,81
2024-01-27 20:44:04,811,78
2024-01-27 20:44:13,812,83
2024-01-27 20:44:23,812,83
2024-01-27 20:44:33,812,81
2024-01-27 20:44:43,812,80
2024-01-27 20:44:52,812,82
2024-01-27 20:45:01,810,78
2024-01-27 20:45:11,812,74
2024-01-27 20:45:20,812,79
2024-01-27 20:45:29,812,81
2024-01-27 20:45:38,812,83
2024-01-27 20:45:47,812,78
2024-01-27 20:45:57,812,82
2024-01-27 20:46:06,811,78
2024-01-27 20:46:15,812,77
2024-01-27 20:46:24,812,81
2024-01-27 20:46:34,812,81
2024-01-27 20:46:43,812,86
2024-01-27 20:46:52,812,87
2024-01-27 20:47:02,811,92
2024-01-27 20:47:12,812,93
2024-01-27 20:47:22,812,93
2024-01-27 20:47:32,811,93
2024-01-27 20:47:42,811,93
2024-01-27 20:47:52,812,93
2024-01-27 20:48:01,812,88
2024-01-27 20:48:11,812,93
2024-01-27 20:48:21,812,88
2024-01-27 20:48:30,812,93
2024-01-27 20:48:39,812,93
2024-01-27 20:48:49,812,93
2024-01-27 20:48:58,811,93
2024-01-27 20:49:08,812,89
2024-01-27 20:49:18,811,92
2024-01-27 20:49:27,810,88
2024-01-27 20:49:37,812,92
2024-01-27 20:49:47,812,89
2024-01-27 20:49:57,811,84
2024-01-27 20:50:06,812,85
2024-01-27 20:50:16,812,85
2024-01-27 20:50:26,812,82
2024-01-27 20:50:35,812,86
2024-01-27 20:50:44,812,89
2024-01-27 20:50:54,812,88
2024-01-27 20:51:03,812,83
2024-01-27 20:51:13,812,82
2024-01-27 20:51:23,812,80
2024-01-27 20:51:32,811,77
2024-01-27 20:51:41,812,72
2024-01-27 20:51:51,810,71
2024-01-27 20:52:00,811,70
2024-01-27 20:52:09,812,68
2024-01-27 20:52:19,812,68
2024-01-27 20:52:28,812,67
2024-01-27 20:52:38,812,62
2024-01-27 20:52:47,811,60
2024-01-27 20:52:57,812,61
2024-01-27 20:53:07,812,56
2024-01-27 20:53:16,811,59
2024-01-27 20:53:25,812,63
2024-01-27 20:53:35,812,66
2024-01-27 20:53:45,812,68
2024-01-27 20:53:54,812,70
2024-01-27 20:54:04,812,74
2024-01-27 20:54:14,812,73
2024-01-27 20:54:23,812,77
2024-01-27 20:54:32,812,81
2024-01-27 20:54:42,812,81
2024-01-27 20:54:52,812,80
2024-01-27 20:55:02,812,79
2024-01-27 20:55:12,812,79
2024-01-27 20:55:22,811,76
2024-01-27 20:55:32,809,78
2024-01-27 20:55:41,808,80
2024-01-27 20:55:51,812,82
2024-01-27 20:56:00,812,82
2024-01-27 20:56:09,812,85
2024-01-27 20:56:18,812,89
2024-01-27 20:56:27,811,87
2024-01-27 20:56:37,812,88
2024-01-27 20:56:47,812,91
2024-01-27 20:56:56,812,87
2024-01-27 20:57:06,812,83
2024-01-27 20:57:15,812,78
2024-01-27 20:57:24,812,74
2024-01-27 20:57:33,811,72
2024-01-27 20:57:43,809,68
2024-01-27 20:57:52,812,69
2024-01-27 20:58:01,812,69
2024-01-27 20:58:11,811,71
2024-01-27 20:58:20,812,71
2024-01-27 20:58:29,812,66
2024-01-27 20:58:39,812,66
2024-01-27 20:58:48,812,64
2024-01-27 20:58:58,812,60
2024-01-27 20:59:07,812,60
2024-01-27 20:59:17,812,59
2024-01-27 20:59:26,811,58
2024-01-27 20:59:36,812,60
2024-01-27 20:59:45,812,65
2024-01-27 20:59:54,812,64
2024-01-27 21:00:04,812,67
2024-01-27 21:00:14,812,67
2024-01-27 21:00:24,811,72
2024-01-27 21:00:34,812,72
2024-01-27 21:00:44,812,69
2024-01-27 21:00:54,812,64
2024-01-27 21:01:03,812,65
2024-01-27 21:01:12,812,63
2024-01-27 21:01:21,812,67
2024-01-27 21:01:31,812,68
2024-01-27 21:01:40,812,63
2024-01-27 21:01:49,811,58
2024-01-27 21:01:59,811,62
2024-01-27 21:02:09,812,64
2024-01-27 21:02:19,812,64
2024-01-27 21:02:29,812,59
2024-01-27 21:02:39,812,55
2024-01-27 21:02:48,812,54
2024-01-27 21:02:57,812,55
2024-01-27 21:03:06,812,58
2024-01-27 21:03:16,812,59
2024-01-27 21:03:26,812,54
2024-01-27 21:03:35,812,59
2024-01-27 21:03:45,812,62
2024-01-27 21:03:55,812,65
2024-01-27 21:04:05,810,70
2024-01-27 21:04:15,808,66
2024-01-27 21:04:24,811,62
2024-01-27 21:04:34,810,57
2024-01-27 21:04:44,812,55
2024-01-27 21:04:54,812,53
2024-01-27 21:05:04,812,53
2024-01-27 21:05:14,812,52
2024-01-27 21:05:24,812,57
2024-01-27 21:05:34,810,58
2024-01-27 21:05:43,812,56
2024-01-27 21:05:53,812,56
2024-01-27 21:06:02,812,61
2024-01-27 21:06:11,810,58
2024-01-27 21:06:21,808,56
2024-01-27 21:06:30,812,52
2024-01-27 21:06:39,812,54
2024-01-27 21:06:48,812,52
2024-01-27 21:06:58,812,47
2024-01-27 21:07:07,811,51
2024-01-27 21:07:16,812,49
2024-01-27 21:07:26,812,50
2024-01-27 21:07:36,812,55
2024-01-27 21:07:45,811,50
2024-01-27 21:07:55,812,51
2024-01-27 21:08:05,812,54
2024-01-27 21:08:14,812,54
2024-01-27 21:08:23,812,51
2024-01-27 21:08:33,812,55
2024-01-27 21:08:42,812,59
2024-01-27 21:08:51,811,63
2024-01-27 21:09:00,812,65
2024-01-27 21:09:10,812,61
2024-01-27 21:09:19,812,60
2024-01-27 21:09:29,811,59
2024-01-27 21:09:39,809,55
2024-01-27 21:09:48,809,56
2024-01-27 21:09:58,807,51
2024-01-27 21:10:08,812,46
2024-01-27 21:10:18,810,48
2024-01-27 21:10:27,812,47
2024-01-27 21:10:37,812,46
2024-01-27 21:10:46,812,50
2024-01-27 21:10:56,812,52
2024-01-27 21:11:05,812,55
2024-01-27 21:11:14,811,53
2024-01-27 21:11:24,812,54
2024-01-27 21:11:34,812,58
2024-01-27 21:11:44,811,56
2024-01-27 21:11:54,812,51
2024-01-27 21:12:03,812,48
2024-01-27 21:12:13,812,49
2024-01-27 21:12:22,810,51
2024-01-27 21:12:32,810,53
2024-01-27 21:12:42,810,56
2024-01-27 21:12:51,812,56
2024-01-27 21:13:00,812,60
2024-01-27 21:13:09,812,61
2024-01-27 21:13:19,810,57
2024-01-27 21:13:28,812,62
2024-01-27 21:13:38,812,65
2024-01-27 21:13:48,811,68
2024-01-27 21:13:57,812,65
2024-01-27 21:14:06,812,68
2024-01-27 21:14:15,812,67
2024-01-27 21:14:25,812,67
2024-01-27 21:14:35,812,62
2024-01-27 21:14:44,812,64
2024-01-27 21:14:53,812,59
2024-01-27 21:15:02,812,54
2024-01-27 21:15:11,812,59
2024-01-27 21:15:20,812,60
2024-01-27 21:15:29,812,56
2024-01-27 21:15:38,812,58
2024-01-27 21:15:48,812,55
2024-01-27 21:15:57,810,53
2024-01-27 21:16:06,810,58
2024-01-27 21:16:16,812,56
2024-01-27 21:16:26,812,51
2024-01-27 21:16:35,810,46
2024-01-27 21:16:45,812,42
2024-01-27 21:16:54,812,43
2024-01-27 21:17:04,812,38
2024-01-27 21:17:14,810,35
2024-01-27 21:17:24,812,38
2024-01-27 21:17:34,812,42
2024-01-27 21:17:43,812,40
2024-01-27 21:17:53,812,42
2024-01-27 21:18:02,812,39
2024-01-27 21:18:12,811,43
2024-01-27 21:18:21,812,42
2024-01-27 21:18:30,811,39
2024-01-27 21:18:39,811,34
2024-01-27 21:18:49,812,39
2024-01-27 21:18:58,810,38
2024-01-27 21:19:08,812,35
2024-01-27 21:19:17,810,31
2024-01-27 21:19:26,812,30
2024-01-27 21:19:35,812,31
2024-01-27 21:19:45,810,31
2024-01-27 21:19:54,808,34
2024-01-27 21:20:04,807,31
2024-01-27 21:20:13,812,28
2024-01-27 21:20:22,812,29
2024-01-27 21:20:31,812,29
2024-01-27 21:20:41,812,30
2024-01-27 21:20:50,812,25
2024-01-27 21:20:59,812,30
2024-01-27 21:21:09,812,27
2024-01-27 21:21:19,810,30
2024-01-27 21:21:29,812,33
2024-01-27 21:21:38,812,30
2024-01-27 21:21:48,812,33
2024-01-27 21:21:58,810,30
2024-01-27 21:22:07,810,34
2024-01-27 21:22:16,808,36
2024-01-27 21:22:26,812,37
2024-01-27 21:22:35,811,32
2024-01-27 21:22:44,812,31
2024-01-27 21:22:54,812,31
2024-01-27 21:23:04,812,26
2024-01-27 21:23:14,812,30
2024-01-27 21:23:24,812,31
2024-01-27 21:23:34,812,33
2024-01-27 21:23:44,811,33
2024-01-27 21:23:54,809,31
2024-01-27 21:24:03,812,29
2024-01-27 21:24:13,810,28
2024-01-27 21:24:22,812,30
2024-01-27 21:24:32,812,32
2024-01-27 21:24:41,811,36
2024-01-27 21:24:50,812,32
2024-01-27 21:24:59,811,37
2024-01-27 21:25:09,812,35
2024-01-27 21:25:18,812,30
2024-01-27 21:25:28,812,34
2024-01-27 21:25:37,812,31
2024-01-27 21:25:47,812,33
2024-01-27 21:25:57,811,30
2024-01-27 21:26:06,811,29
2024-01-27 21:26:15,812,29
2024-01-27 21:26:24,812,24
2024-01-27 21:26:34,812,28
2024-01-27 21:26:44,812,29
2024-01-27 21:26:54,812,24
2024-01-27 21:27:04,810,26
2024-01-27 21:27:14,808,27
2024-01-27 21:27:23,807,29
2024-01-27 21:27:32,811,31
2024-01-27 21:27:41,809,35
2024-01-27 21:27:50,812,39
2024-01-27 21:27:59,812,35
2024-01-27 21:28:08,811,40
2024-01-27 21:28:18,812,37
2024-01-27 21:28:27,812,34
2024-01-27 21:28:37,812,33
2024-01-27 21:28:46,812,37
2024-01-27 21:28:55,812,33
2024-01-27 21:29:05,811,29
2024-01-27 21:29:14,812,24
2024-01-27 21:29:24,812,19
2024-01-27 21:29:33,812,20
2024-01-27 21:29:43,810,20
2024-01-27 21:29:53,812,23
2024-01-27 21:30:02,812,18
2024-01-27 21:30:12,812,15
2024-01-27 21:30:22,810,11
2024-01-27 21:30:31,812,15
2024-01-27 21:30:40,812,17
2024-01-27 21:30:49,811,19
2024-01-27 21:30:59,812,22
2024-01-27 21:31:08,812,17
2024-01-27 21:31:17,812,22
2024-01-27 21:31:27,812,26
2024-01-27 21:31:36,812,31
2024-01-27 21:31:45,812,36
2024-01-27 21:31:54,812,40
2024-01-27 21:32:03,812,43
2024-01-27 21:32:13,812,42
2024-01-27 21:32:23,810,45
2024-01-27 21:32:32,808,48
2024-01-27 21:32:41,806,48
2024-01-27 21:32:50,810,46
2024-01-27 21:33:00,812,46
2024-01-27 21:33:09,812,50
2024-01-27 21:33:19,812,53
2024-01-27 21:33:29,812,54
2024-01-27 21:33:38,811,49
2024-01-27 21:33:48,809,53
2024-01-27 21:33:58,808,48
2024-01-27 21:34:08,812,46
2024-01-27 21:34:17,812,49
2024-01-27 21:34:26,812,45
2024-01-27 21:34:35,812,45
2024-01-27 21:34:45,812,40
2024-01-27 21:34:54,812,39
2024-01-27 21:35:03,812,38
2024-01-27 21:35:12,812,35
2024-01-27 21:35:22,812,38
2024-01-27 21:35:32,811,42
2024-01-27 21:35:41,812,39
2024-01-27 21:35:51,812,41
2024-01-27 21:36:01,812,44
2024-01-27 21:36:10,812,40
2024-01-27 21:36:20,812,43
2024-01-27 21:36:30,810,42
2024-01-27 21:36:40,810,47
2024-01-27 21:36:50,809,44
2024-01-27 21:36:59,812,41
2024-01-27 21:37:09,810,45
2024-01-27 21:37:18,812,41
2024-01-27 21:37:28,812,44
2024-01-27 21:37:38,812,49
2024-01-27 21:37:47,812,44
2024-01-27 21:37:57,812,40
2024-01-27 21:38:06,812,39
2024-01-27 21:38:16,812,39
2024-01-27 21:38:26,812,39
2024-01-27 21:38:35,812,40
2024-01-27 21:38:44,812,41
2024-01-27 21:38:53,811,38
2024-01-27 21:39:02,812,39
2024-01-27 21:39:11,812,41
2024-01-27 21:39:20,811,36
2024-01-27 21:39:30,812,31
2024-01-27 21:39:39,812,34
2024-01-27 21:39:49,812,33
2024-01-27 21:39:58,812,31
2024-01-27 21:40:08,812,28
2024-01-27 21:40:17,812,23
2024-01-27 21:40:26,812,23
2024-01-27 21:40:36,811,24
2024-01-27 21:40:45,812,25
2024-01-27 21:40:54,812,30
2024-01-27 21:41:04,812,30
2024-01-27 21:41:13,811,34
2024-01-27 21:41:23,812,37
2024-01-27 21:41:33,812,36
2024-01-27 21:41:43,812,37
2024-01-27 21:41:53,812,40
2024-01-27 21:42:03,812,43
2024-01-27 21:42:13,812,38
2024-01-27 21:42:23,812,36
2024-01-27 21:42:33,811,39
2024-01-27 21:42:42,809,41
2024-01-27 21:42:52,812,43
2024-01-27 21:43:01,812,43
2024-01-27 21:43:10,812,44
2024-01-27 21:43:20,812,39
2024-01-27 21:43:29,811,35
2024-01-27 21:43:38,812,38
2024-01-27 21:43:47,812,40
2024-01-27 21:43:57,810,36
2024-01-27 21:44:07,810,40
2024-01-27 21:44:17,812,36
2024-01-27 21:44:26,812,32
2024-01-27 21:44:36,812,27
2024-01-27 21:44:45,811,28
2024-01-27 21:44:54,812,32
2024-01-27 21:45:04,812,37
2024-01-27 21:45:13,812,36
2024-01-27 21:45:23,812,39
2024-01-27 21:45:33,812,35
2024-01-27 21:45:43,812,32
2024-01-27 21:45:53,812,34
2024-01-27 21:46:03,812,38
2024-01-27 21:46:12,812,36
2024-01-27 21:46:21,812,40
2024-01-27 21:46:30,812,39
2024-01-27 21:46:39,811,41
2024-01-27 21:46:48,812,41
2024-01-27 21:46:57,812,46
2024-01-27 21:47:07,812,47
2024-01-27 21:47:17,812,50
2024-01-27 21:47:27,812,54
2024-01-27 21:47:37,812,49
2024-01-27 21:47:46,812,49
2024-01-27 21:47:56,812,47
2024-01-27 21:48:06,812,44
2024-01-27 21:48:15,812,43
2024-01-27 21:48:24,812,43
2024-01-27 21:48:33,812,42
2024-01-27 21:48:43,812,40
2024-01-27 21:48:52,812,41
2024-01-27 21:49:01,812,39
2024-01-27 21:49:11,812,44
2024-01-27 21:49:21,812,39
2024-01-27 21:49:31,812,42
2024-01-27 21:49:40,810,40
2024-01-27 21:49:49,812,37
2024-01-27 21:49:58,812,42
2024-01-27 21:50:08,810,37
2024-01-27 21:50:17,808,42
2024-01-27 21:50:26,812,42
2024-01-27 21:50:35,812,46
2024-01-27 21:50:44,812,45
2024-01-27 21:50:53,812,43
2024-01-27 21:51:03,812,40
2024-01-27 21:51:13,812,39
2024-01-27 21:51:23,812,37
2024-01-27 21:51:33,812,38
2024-01-27 21:51:42,812,37
2024-01-27 21:51:52,810,34
2024-01-27 21:52:01,812,38
2024-01-27 21:52:10,811,43
2024-01-27 21:52:20,812,45
2024-01-27 21:52:30,812,50
2024-01-27 21:52:39,812,52
2024-01-27 21:52:49,812,49
2024-01-27 21:52:58,812,54
2024-01-27 21:53:07,811,58
2024-01-27 21:53:16,812,59
2024-01-27 21:53:25,812,54
2024-01-27 21:53:35,812,55
2024-01-27 21:53:44,812,58
2024-01-27 21:53:54,812,54
2024-01-27 21:54:04,812,54
2024-01-27 21:54:13,812,58
2024-01-27 21:54:23,812,56
2024-01-27 21:54:33,812,56
2024-01-27 21:54:42,812,55
2024-01-27 21:54:51,812,54
2024-01-27 21:55:00,812,53
2024-01-27 21:55:09,812,56
2024-01-27 21:55:18,810,60
2024-01-27 21:55:27,812,62
2024-01-27 21:55:37,812,66
2024-01-27 21:55:46,812,71
2024-01-27 21:55:56,811,75
2024-01-27 21:56:06,809,76
2024-01-27 21:56:16,812,76
2024-01-27 21:56:26,812,76
2024-01-27 21:56:36,812,75
2024-01-27 21:56:45,812,74
2024-01-27 21:56:54,812,69
2024-01-27 21:57:04,812,73
2024-01-27 21:57:14,812,70
2024-01-27 21:57:24,812,65
2024-01-27 21:57:33,812,63
2024-01-27 21:57:42,810,64
2024-01-27 21:57:51,812,66
2024-01-27 21:58:00,811,71
2024-01-27 21:58:10,811,67
2024-01-27 21:58:20,810,68
2024-01-27 21:58:29,812,68
2024-01-27 21:58:38,810,63
2024-01-27 21:58:48,809,63
2024-01-27 21:58:57,812,65
2024-01-27 21:59:07,812,63
2024-01-27 21:59:16,812,68
2024-01-27 21:59:26,812,66
2024-01-27 21:59:35,812,67
2024-01-27 21:59:44,810,72
2024-01-27 21:59:53,812,72
2024-01-27 22:00:02,812,67
2024-01-27 22:00:12,812,62
2024-01-27 22:00:21,812,63
2024-01-27 22:00:31,812,64
2024-01-27 22:00:41,812,65
2024-01-27 22:00:51,810,67
2024-01-27 22:01:00,812,70
2024-01-27 22:01:10,812,71
2024-01-27 22:01:20,812,72
2024-01-27 22:01:29,812,69
2024-01-27 22:01:39,811,67
2024-01-27 22:01:48,812,64
2024-01-27 22:01:57,810,66
2024-01-27 22:02:06,810,67
2024-01-27 22:02:16,812,70
2024-01-27 22:02:25,812,65
2024-01-27 22:02:35,811,66
2024-01-27 22:02:45,812,61
2024-01-27 22:02:54,812,56
2024-01-27 22:03:04,810,51
2024-01-27 22:03:14,812,46
2024-01-27 22:03:24,810,51
2024-01-27 22:03:33,812,54
2024-01-27 22:03:43,812,49
2024-01-27 22:03:53,810,49
2024-01-27 22:04:03,810,53
2024-01-27 22:04:13,812,52
2024-01-27 22:04:23,810,55
2024-01-27 22:04:33,812,50
2024-01-27 22:04:42,812,55
2024-01-27 22:04:51,812,56
2024-01-27 22:05:01,812,57
2024-01-27 22:05:11,812,60
2024-01-27 22:05:21,812,58
2024-01-27 22:05:30,812,57
2024-01-27 22:05:40,812,57
2024-01-27 22:05:49,812,57
2024-01-27 22:05:58,812,61
2024-01-27 22:06:07,812,59
2024-01-27 22:06:16,811,59
2024-01-27 22:06:25,811,57
2024-01-27 22:06:34,812,60
2024-01-27 22:06:43,812,56
2024-01-27 22:06:52,812,54
2024-01-27 22:07:01,812,57
2024-01-27 22:07:10,812,55
2024-01-27 22:07:20,810,57
2024-01-27 22:07:30,812,59
2024-01-27 22:07:39,810,59
2024-01-27 22:07:48,811,54
2024-01-27 22:07:57,810,49
2024-01-27 22:08:07,808,48
2024-01-27 22:08:16,810,46
2024-01-27 22:08:26,810,48
2024-01-27 22:08:36,809,43
2024-01-27 22:08:46,809,41
2024-01-27 22:08:56,811,46
2024-01-27 22:09:05,812,44
2024-01-27 22:09:14,812,43
2024-01-27 22:09:23,812,44
2024-01-27 22:09:32,812,49
2024-01-27 22:09:42,810,49
2024-01-27 22:09:52,812,49
2024-01-27 22:10:02,810,50
2024-01-27 22:10:11,812,46
2024-01-27 22:10:20,812,45
2024-01-27 22:10:29,810,41
2024-01-27 22:10:38,812,45
2024-01-27 22:10:47,812,42
2024-01-27 22:10:57,812,37
2024-01-27 22:11:07,812,37
2024-01-27 22:11:16,812,37
2024-01-27 22:11:26,812,40
2024-01-27 22:11:36,812,37
2024-01-27 22:11:46,812,35
2024-01-27 22:11:56,812,32
2024-01-27 22:12:06,812,28
2024-01-27 22:12:15,810,23
2024-01-27 22:12:24,812,28
2024-01-27 22:12:33,812,24
2024-01-27 22:12:42,810,20
2024-01-27 22:12:51,812,22
2024-01-27 22:13:01,812,21
2024-01-27 22:13:10,812,26
2024-01-27 22:13:19,812,26
2024-01-27 22:13:28,812,27
2024-01-27 22:13:37,812,22
2024-01-27 22:13:47,812,18
2024-01-27 22:13:57,812,17
2024-01-27 22:14:06,811,16
2024-01-27 22:14:16,812,19
2024-01-27 22:14:25,812,23
2024-01-27 22:14:35,812,19
2024-01-27 22:14:44,811,18
2024-01-27 22:14:54,811,15
2024-01-27 22:15:03,812,18
2024-01-27 22:15:12,812,13
2024-01-27 22:15:21,810,11
2024-01-27 22:15:30,812,11
2024-01-27 22:15:40,812,15
2024-01-27 22:15:50,812,11
2024-01-27 22:15:59,812,11
2024-01-27 22:16:09,812,12
2024-01-27 22:16:19,811,11
2024-01-27 22:16:28,812,11
2024-01-27 22:16:37,812,11
2024-01-27 22:16:47,812,15
2024-01-27 22:16:57,810,11
2024-01-27 22:17:06,808,11
2024-01-27 22:17:15,808,11
2024-01-27 22:17:25,812,12
2024-01-27 22:17:34,811,12
2024-01-27 22:17:44,812,14
2024-01-27 22:17:53,812,11
2024-01-27 22:18:02,810,12
2024-01-27 22:18:12,812,12
2024-01-27 22:18:21,812,11
2024-01-27 22:18:31,812,16
2024-01-27 22:18:40,812,18
2024-01-27 22:18:50,810,18
2024-01-27 22:19:00,812,19
2024-01-27 22:19:09,812,14
2024-01-27 22:19:19,812,11
2024-01-27 22:19:29,810,14
2024-01-27 22:19:39,810,19
2024-01-27 22:19:48,812,20
2024-01-27 22:19:58,812,18
2024-01-27 22:20:07,811,16
2024-01-27 22:20:17,812,13
2024-01-27 22:20:26,811,11
2024-01-27 22:20:36,809,11
2024-01-27 22:20:45,809,14
2024-01-27 22:20:55,807,15
2024-01-27 22:21:05,812,14
2024-01-27 22:21:15,812,17
2024-01-27 22:21:25,812,12
2024-01-27 22:21:34,812,11
2024-01-27 22:21:43,812,11
2024-01-27 22:21:53,810,14
2024-01-27 22:22:03,812,16
2024-01-27 22:22:12,812,16
2024-01-27 22:22:21,812,21
2024-01-27 22:22:31,812,16
2024-01-27 22:22:41,812,12
2024-01-27 22:22:50,812,11
2024-01-27 22:22:59,812,11
2024-01-27 22:23:09,812,11
2024-01-27 22:23:18,812,15
2024-01-27 22:23:27,812,17
2024-01-27 22:23:36,812,18
2024-01-27 22:23:45,812,15
2024-01-27 22:23:55,810,14
2024-01-27 22:24:05,812,17
2024-01-27 22:24:14,812,14
2024-01-27 22:24:24,812,15
2024-01-27 22:24:33,812,15
2024-01-27 22:24:42,812,19
2024-01-27 22:24:51,811,14
2024-01-27 22:25:01,812,12
2024-01-27 22:25:11,812,13
2024-01-27 22:25:20,812,11
2024-01-27 22:25:30,812,14
2024-01-27 22:25:39,811,11
2024-01-27 22:25:48,812,11
2024-01-27 22:25:58,812,14
2024-01-27 22:26:07,812,13
2024-01-27 22:26:17,811,11
2024-01-27 22:26:27,812,11
2024-01-27 22:26:36,812,13
2024-01-27 22:26:46,812,18
2024-01-27 22:26:56,811,17
2024-01-27 22:27:05,812,22
2024-01-27 22:27:15,812,24
2024-01-27 22:27:24,812,26
2024-01-27 22:27:33,812,24
2024-01-27 22:27:42,812,23
2024-01-27 22:27:51,812,18
2024-01-27 22:28:00,812,17
2024-01-27 22:28:09,812,13
2024-01-27 22:28:18,812,11
2024-01-27 22:28:28,812,15
2024-01-27 22:28:38,812,17
2024-01-27 22:28:48,810,21
2024-01-27 22:28:58,812,26
2024-01-27 22:29:08,812,24
2024-01-27 22:29:18,812,23
2024-01-27 22:29:27,810,23
2024-01-27 22:29:36,812,21
2024-01-27 22:29:45,812,17
2024-01-27 22:29:55,812,14
2024-01-27 22:30:05,812,13
2024-01-27 22:30:15,812,11
2024-01-27 22:30:24,812,11
2024-01-27 22:30:33,812,11
2024-01-27 22:30:43,812,12
2024-01-27 22:30:53,810,11
2024-01-27 22:31:02,812,11
2024-01-27 22:31:11,812,14
2024-01-27 22:31:21,812,14
2024-01-27 22:31:31,812,18
2024-01-27 22:31:40,812,18
2024-01-27 22:31:50,812,17
2024-01-27 22:32:00,812,22
2024-01-27 22:32:10,812,18
2024-01-27 22:32:20,810,22
2024-01-27 22:32:29,812,25
2024-01-27 22:32:38,812,22
2024-01-27 22:32:48,812,17
2024-01-27 22:32:58,810,22
2024-01-27 22:33:07,812,19
2024-01-27 22:33:17,812,22
2024-01-27 22:33:26,811,19
2024-01-27 22:33:36,812,24
2024-01-27 22:33:46,812,24
2024-01-27 22:33:55,812,28
2024-01-27 22:34:04,812,31
2024-01-27 22:34:14,812,27
2024-01-27 22:34:24,811,32
2024-01-27 22:34:34,812,27
2024-01-27 22:34:43,812,32
2024-01-27 22:34:52,812,31
2024-01-27 22:35:02,812,35
2024-01-27 22:35:11,812,39
2024-01-27 22:35:20,811,39
2024-01-27 22:35:29,812,40
2024-01-27 22:35:38,810,35
2024-01-27 22:35:48,812,38
2024-01-27 22:35:57,810,36
2024-01-27 22:36:07,811,31
2024-01-27 22:36:17,812,30
2024-01-27 22:36:27,812,29
2024-01-27 22:36:37,810,33
2024-01-27 22:36:46,808,37
2024-01-27 22:36:55,810,41
2024-01-27 22:37:04,812,40
2024-01-27 22:37:13,811,38
2024-01-27 22:37:23,810,43
2024-01-27 22:37:32,810,46
2024-01-27 22:37:41,812,45
2024-01-27 22:37:51,812,47
2024-01-27 22:38:00,812,43
2024-01-27 22:38:09,812,38
2024-01-27 22:38:18,812,33
2024-01-27 22:38:27,812,37
2024-01-27 22:38:36,812,38
2024-01-27 22:38:45,811,38
2024-01-27 22:38:55,812,42
2024-01-27 22:39:04,812,46
2024-01-27 22:39:14,812,46
2024-01-27 22:39:24,812,49
2024-01-27 22:39:34,812,44
2024-01-27 22:39:43,811,44
2024-01-27 22:39:53,809,49
2024-01-27 22:40:03,810,50
2024-01-27 22:40:12,812,45
2024-01-27 22:40:22,812,49
2024-01-27 22:40:31,812,46
2024-01-27 22:40:40,812,41
2024-01-27 22:40:49,812,37
2024-01-27 22:40:59,810,36
2024-01-27 22:41:08,812,41
2024-01-27 22:41:17,812,36
2024-01-27 22:41:26,812,34
2024-01-27 22:41:35,812,39
2024-01-27 22:41:45,812,40
2024-01-27 22:41:54,810,45
2024-01-27 22:42:04,812,40
2024-01-27 22:42:14,812,37
2024-01-27 22:42:24,810,40
2024-01-27 22:42:33,810,39
2024-01-27 22:42:42,812,44
2024-01-27 22:42:52,812,45
2024-01-27 22:43:02,812,45
2024-01-27 22:43:12,812,41
2024-01-27 22:43:21,812,45
2024-01-27 22:43:30,812,45
2024-01-27 22:43:40,812,42
2024-01-27 22:43:49,810,39
2024-01-27 22:43:59,812,40
2024-01-27 22:44:08,812,38
2024-01-27 22:44:18,812,39
2024-01-27 22:44:27,812,35
2024-01-27 22:44:37,810,35
2024-01-27 22:44:46,812,35
2024-01-27 22:44:55,811,37
2024-01-27 22:45:05,812,32
2024-01-27 22:45:14,812,34
2024-01-27 22:45:24,812,37
2024-01-27 22:45:33,811,37
2024-01-27 22:45:43,812,33
2024-01-27 22:45:53,810,33
2024-01-27 22:46:02,812,35
2024-01-27 22:46:12,812,33
2024-01-27 22:46:22,812,32
2024-01-27 22:46:31,812,37
2024-01-27 22:46:41,812,37
2024-01-27 22:46:51,812,38
2024-01-27 22:47:01,812,33
2024-01-27 22:47:11,812,32
2024-01-27 22:47:21,812,32
2024-01-27 22:47:30,812,33
2024-01-27 22:47:39,812,34
2024-01-27 22:47:49,812,39
2024-01-27 22:47:59,812,37
2024-01-27 22:48:08,810,33
2024-01-27 22:48:18,812,36
2024-01-27 22:48:28,811,36
2024-01-27 22:48:38,812,32
2024-01-27 22:48:48,812,30
2024-01-27 22:48:57,810,34
2024-01-27 22:49:07,812,37
2024-01-27 22:49:17,811,32
2024-01-27 22:49:27,812,37
2024-01-27 22:49:36,812,39
2024-01-27 22:49:46,812,38
2024-01-27 22:49:55,812,43
2024-01-27 22:50:04,812,39
2024-01-27 22:50:13,811,42
2024-01-27 22:50:22,812,44
2024-01-27 22:50:31,812,42
2024-01-27 22:50:41,812,47
2024-01-27 22:50:50,810,47
2024-01-27 22:50:59,812,52
2024-01-27 22:51:08,812,47
2024-01-27 22:51:17,812,44
2024-01-27 22:51:26,812,47
2024-01-27 22:51:36,812,46
2024-01-27 22:51:46,812,47
2024-01-27 22:51:55,812,50
2024-01-27 22:52:04,812,55
2024-01-27 22:52:13,812,59
2024-01-27 22:52:22,812,64
2024-01-27 22:52:32,812,65
2024-01-27 22:52:41,812,69
2024-01-27 22:52:51,812,68
2024-01-27 22:53:01,812,70
2024-01-27 22:53:10,812,72
2024-01-27 22:53:20,812,72
2024-01-27 22:53:29,812,70
2024-01-27 22:53:38,812,74
2024-01-27 22:53:48,812,69
2024-01-27 22:53:58,812,67
2024-01-27 22:54:08,812,67
2024-01-27 22:54:18,812,66
2024-01-27 22:54:28,810,69
2024-01-27 22:54:38,808,66
2024-01-27 22:54:48,806,65
2024-01-27 22:54:58,810,69
2024-01-27 22:55:07,812,74
2024-01-27 22:55:16,810,74
2024-01-27 22:55:26,812,74
2024-01-27 22:55:36,812,71
2024-01-27 22:55:46,812,67
2024-01-27 22:55:55,812,63
2024-01-27 22:56:04,812,63
2024-01-27 22:56:14,812,62
2024-01-27 22:56:24,810,59
2024-01-27 22:56:34,811,55
2024-01-27 22:56:44,812,54
2024-01-27 22:56:54,812,56
2024-01-27 22:57:03,812,56
2024-01-27 22:57:12,812,58
2024-01-27 22:57:22,812,54
2024-01-27 22:57:32,812,50
2024-01-27 22:57:41,812,49
2024-01-27 22:57:51,812,54
2024-01-27 22:58:01,812,51
2024-01-27 22:58:11,812,49
2024-01-27 22:58:21,812,48
2024-01-27 22:58:31,812,44
2024-01-27 22:58:41,812,39
2024-01-27 22:58:50,812,44
2024-01-27 22:59:00,811,42
2024-01-27 22:59:09,811,46
2024-01-27 22:59:19,809,43
2024-01-27 22:59:28,808,48
2024-01-27 22:59:37,812,47
2024-01-27 22:59:46,812,50
2024-01-27 22:59:55,812,46
2024-01-27 23:00:05,812,48
2024-01-27 23:00:14,812,47
2024-01-27 23:00:24,812,46
2024-01-27 23:00:34,812,43
2024-01-27 23:00:43,812,46
2024-01-27 23:00:53,812,50
2024-01-27 23:01:02,811,46
2024-01-27 23:01:12,812,48
2024-01-27 23:01:21,812,49
2024-01-27 23:01:30,811,48
2024-01-27 23:01:39,812,53
2024-01-27 23:01:49,812,52
2024-01-27 23:01:59,810,55
2024-01-27 23:02:09,812,52
2024-01-27 23:02:18,812,50
2024-01-27 23:02:28,812,46
2024-01-27 23:02:38,812,42
2024-01-27 23:02:47,812,45
2024-01-27 23:02:57,812,49
2024-01-27 23:03:06,812,52
2024-01-27 23:03:16,812,53
2024-01-27 23:03:25,812,56
2024-01-27 23:03:35,811,52
2024-01-27 23:03:45,812,57
2024-01-27 23:03:54,812,53
2024-01-27 23:04:04,812,56
2024-01-27 23:04:14,812,58
2024-01-27 23:04:24,810,61
2024-01-27 23:04:33,812,58
2024-01-27 23:04:42,812,59
2024-01-27 23:04:52,812,62
2024-01-27 23:05:02,810,61
2024-01-27 23:05:11,812,56
2024-01-27 23:05:20,812,55
2024-01-27 23:05:29,812,53
2024-01-27 23:05:38,811,57
2024-01-27 23:05:47,812,54
2024-01-27 23:05:57,812,53
2024-01-27 23:06:07,811,51
2024-01-27 23:06:17,812,47
2024-01-27 23:06:26,812,42
2024-01-27 23:06:36,812,37
2024-01-27 23:06:46,811,32
2024-01-27 23:06:55,809,28
2024-01-27 23:07:05,812,32
2024-01-27 23:07:15,812,31
2024-01-27 23:07:24,812,32
2024-01-27 23:07:34,810,34
2024-01-27 23:07:43,812,29
2024-01-27 23:07:52,812,31
2024-01-27 23:08:02,811,33
2024-01-27 23:08:12,812,38
2024-01-27 23:08:21,812,43
2024-01-27 23:08:31,812,38
2024-01-27 23:08:40,812,43
2024-01-27 23:08:49,811,44
2024-01-27 23:08:59,809,48
2024-01-27 23:09:08,812,47
2024-01-27 23:09:18,812,51
2024-01-27 23:09:28,812,56
2024-01-27 23:09:37,812,52
2024-01-27 23:09:47,812,47
2024-01-27 23:09:56,812,45
2024-01-27 23:10:06,811,44
2024-01-27 23:10:15,812,39
2024-01-27 23:10:25,812,43
2024-01-27 23:10:35,810,40
2024-01-27 23:10:45,811,39
2024-01-27 23:10:54,809,35
2024-01-27 23:11:04,812,33
2024-01-27 23:11:13,812,37
2024-01-27 23:11:22,811,37
2024-01-27 23:11:31,811,38
2024-01-27 23:11:40,812,40
2024-01-27 23:11:49,810,36
2024-01-27 23:11:58,812,31
2024-01-27 23:12:07,812,29
2024-01-27 23:12:17,812,31
2024-01-27 23:12:27,811,32
2024-01-27 23:12:37,812,27
2024-01-27 23:12:46,812,30
2024-01-27 23:12:56,811,27
2024-01-27 23:13:06,812,25
2024-01-27 23:13:15,812,25
2024-01-27 23:13:24,812,28
2024-01-27 23:13:33,811,31
2024-01-27 23:13:43,812,35
2024-01-27 23:13:53,812,34
2024-01-27 23:14:03,812,31
2024-01-27 23:14:13,811,31
2024-01-27 23:14:22,812,29
2024-01-27 23:14:32,812,25
2024-01-27 23:14:42,812,23
2024-01-27 23:14:51,810,24
2024-01-27 23:15:01,809,25
2024-01-27 23:15:11,812,26
2024-01-27 23:15:20,812,26
2024-01-27 23:15:29,812,23
2024-01-27 23:15:39,812,24
2024-01-27 23:15:49,812,24
2024-01-27 23:15:58,812,24
2024-01-27 23:16:08,812,24
2024-01-27 23:16:17,812,21
2024-01-27 23:16:27,812,18
2024-01-27 23:16:36,810,17
2024-01-27 23:16:45,811,14
2024-01-27 23:16:54,812,14
2024-01-27 23:17:03,812,14
2024-01-27 23:17:13,812,18
2024-01-27 23:17:23,812,17
2024-01-27 23:17:33,812,15
2024-01-27 23:17:42,812,19
2024-01-27 23:17:51,812,21
2024-01-27 23:18:00,812,22
2024-01-27 23:18:10,812,23
2024-01-27 23:18:20,812,28
2024-01-27 23:18:29,810,28
2024-01-27 23:18:39,812,25
2024-01-27 23:18:48,812,24
2024-01-27 23:18:58,812,23
2024-01-27 23:19:07,812,25
2024-01-27 23:19:16,811,20
2024-01-27 23:19:26,812,24
2024-01-27 23:19:36,810,28
2024-01-27 23:19:46,809,25
2024-01-27 23:19:55,812,26
2024-01-27 23:20:04,810,30
2024-01-27 23:20:13,812,32
2024-01-27 23:20:23,812,29
2024-01-27 23:20:32,812,29
2024-01-27 23:20:41,812,32
2024-01-27 23:20:50,812,27
2024-01-27 23:20:59,812,22
2024-01-27 23:21:08,812,17
2024-01-27 23:21:18,812,14
2024-01-27 23:21:27,810,17
2024-01-27 23:21:36,812,19
2024-01-27 23:21:46,812,24
2024-01-27 23:21:55,812,22
2024-01-27 23:22:05,812,18
2024-01-27 23:22:14,812,13
2024-01-27 23:22:24,812,18
2024-01-27 23:22:34,812,18
2024-01-27 23:22:44,812,21
2024-01-27 23:22:54,812,20
2024-01-27 23:23:04,812,16
2024-01-27 23:23:13,812,19
2024-01-27 23:23:23,812,17
2024-01-27 23:23:33,812,18
2024-01-27 23:23:42,812,19
2024-01-27 23:23:51,811,16
2024-01-27 23:24:01,812,13
2024-01-27 23:24:11,811,13
2024-01-27 23:24:21,811,18
2024-01-27 23:24:31,812,23
2024-01-27 23:24:41,812,18
2024-01-27 23:24:51,812,15
2024-01-27 23:25:00,812,11
2024-01-27 23:25:09,810,11
2024-01-27 23:25:18,812,11
2024-01-27 23:25:27,812,11
2024-01-27 23:25:37,811,12
2024-01-27 23:25:46,809,13
2024-01-27 23:25:56,812,15
2024-01-27 23:26:06,812,20
2024-01-27 23:26:16,810,16
2024-01-27 23:26:25,808,14
2024-01-27 23:26:35,812,11
2024-01-27 23:26:45,812,11
2024-01-27 23:26:54,812,15
2024-01-27 23:27:03,812,17
2024-01-27 23:27:13,810,21
2024-01-27 23:27:23,810,19
2024-01-27 23:27:33,812,14
2024-01-27 23:27:42,812,11
2024-01-27 23:27:52,812,15
2024-01-27 23:28:01,810,15
2024-01-27 23:28:10,812,14
2024-01-27 23:28:19,812,18
2024-01-27 23:28:28,812,14
2024-01-27 23:28:37,812,15
2024-01-27 23:28:47,812,11
2024-01-27 23:28:57,811,11
2024-01-27 23:29:06,812,11
2024-01-27 23:29:16,812,16
2024-01-27 23:29:25,810,13
2024-01-27 23:29:34,811,11
2024-01-27 23:29:44,812,11
2024-01-27 23:29:54,812,11
2024-01-27 23:30:03,812,11
2024-01-27 23:30:12,812,11
2024-01-27 23:30:22,812,14
2024-01-27 23:30:32,812,18
2024-01-27 23:30:41,812,16
2024-01-27 23:30:51,812,19
2024-01-27 23:31:01,812,22
2024-01-27 23:31:10,812,25
2024-01-27 23:31:20,811,30
2024-01-27 23:31:29,812,30
2024-01-27 23:31:38,812,29
2024-01-27 23:31:47,812,26
2024-01-27 23:31:56,812,30
2024-01-27 23:32:05,812,31
2024-01-27 23:32:14,812,31
2024-01-27 23:32:24,812,29
2024-01-27 23:32:34,812,30
2024-01-27 23:32:44,810,32
2024-01-27 23:32:53,812,27
2024-01-27 23:33:03,812,30
2024-01-27 23:33:13,812,33
2024-01-27 23:33:23,812,36
2024-01-27 23:33:33,812,37
2024-01-27 23:33:43,812,33
2024-01-27 23:33:52,812,28
2024-01-27 23:34:01,812,28
2024-01-27 23:34:10,812,30
2024-01-27 23:34:19,812,26
2024-01-27 23:34:29,812,24
2024-01-27 23:34:38,812,27
2024-01-27 23:34:48,810,22
2024-01-27 23:34:58,812,26
2024-01-27 23:35:08,812,28
2024-01-27 23:35:17,812,33
2024-01-27 23:35:26,812,36
2024-01-27 23:35:35,812,40
2024-01-27 23:35:44,812,45
2024-01-27 23:35:54,812,49
2024-01-27 23:36:04,812,52
2024-01-27 23:36:14,812,54
2024-01-27 23:36:24,812,57
2024-01-27 23:36:34,812,55
2024-01-27 23:36:44,812,58
2024-01-27 23:36:54,812,55
2024-01-27 23:37:04,812,57
2024-01-27 23:37:13,812,57
2024-01-27 23:37:22,812,57
2024-01-27 23:37:32,812,58
2024-01-27 23:37:41,812,59
2024-01-27 23:37:51,810,62
2024-01-27 23:38:01,811,60
2024-01-27 23:38:10,812,56
2024-01-27 23:38:19,812,58
2024-01-27 23:38:29,812,57
2024-01-27 23:38:38,812,56
2024-01-27 23:38:48,812,51
2024-01-27 23:38:57,812,48
2024-01-27 23:39:06,810,51
2024-01-27 23:39:16,812,53
2024-01-27 23:39:25,812,54
2024-01-27 23:39:34,811,49
2024-01-27 23:39:44,810,54
2024-01-27 23:39:54,812,49
2024-01-27 23:40:03,812,46
2024-01-27 23:40:13,811,44
2024-01-27 23:40:23,812,46
2024-01-27 23:40:33,812,41
2024-01-27 23:40:43,812,41
2024-01-27 23:40:53,810,40
2024-01-27 23:41:03,812,42
2024-01-27 23:41:12,812,46
2024-01-27 23:41:22,812,41
2024-01-27 23:41:32,812,37
2024-01-27 23:41:41,811,40
2024-01-27 23:41:51,812,44
2024-01-27 23:42:01,812,48
2024-01-27 23:42:11,812,45
2024-01-27 23:42:21,812,43
2024-01-27 23:42:31,812,39
2024-01-27 23:42:41,810,36
2024-01-27 23:42:50,811,31
2024-01-27 23:42:59,812,29
2024-01-27 23:43:09,812,28
2024-01-27 23:43:19,812,27
2024-01-27 23:43:29,812,29
2024-01-27 23:43:38,812,31
2024-01-27 23:43:47,812,26
2024-01-27 23:43:56,812,23
2024-01-27 23:44:06,811,28
2024-01-27 23:44:15,810,32
2024-01-27 23:44:24,811,33
2024-01-27 23:44:33,810,38
2024-01-27 23:44:42,812,39
2024-01-27 23:44:51,812,35
2024-01-27 23:45:01,812,37
2024-01-27 23:45:11,812,41
2024-01-27 23:45:20,810,43
2024-01-27 23:45:29,812,40
2024-01-27 23:45:38,811,44
2024-01-27 23:45:48,812,49
2024-01-27 23:45:57,812,54
2024-01-27 23:46:07,812,54
2024-01-27 23:46:17,812,54
2024-01-27 23:46:26,810,53
2024-01-27 23:46:36,812,56
2024-01-27 23:46:46,812,58
2024-01-27 23:46:56,812,54
2024-01-27 23:47:05,812,54
2024-01-27 23:47:14,812,49
2024-01-27 23:47:23,812,50
2024-01-27 23:47:33,812,52
2024-01-27 23:47:43,811,53
2024-01-27 23:47:52,812,53
2024-01-27 23:48:02,812,58
2024-01-27 23:48:11,812,58
2024-01-27 23:48:21,812,56
2024-01-27 23:48:31,812,56
2024-01-27 23:48:41,810,59
2024-01-27 23:48:50,812,57
2024-01-27 23:48:59,812,57
2024-01-27 23:49:08,812,60
2024-01-27 23:49:18,810,59
2024-01-27 23:49:27,812,55
2024-01-27 23:49:36,812,60
2024-01-27 23:49:46,812,59
2024-01-27 23:49:56,812,55
2024-01-27 23:50:06,812,50
2024-01-27 23:50:15,811,50
2024-01-27 23:50:25,810,51
2024-01-27 23:50:34,812,53
2024-01-27 23:50:43,812,57
2024-01-27 23:50:52,812,57
2024-01-27 23:51:02,812,58
2024-01-27 23:51:11,812,55
2024-01-27 23:51:21,812,57
2024-01-27 23:51:31,812,54
2024-01-27 23:51:41,812,55
2024-01-27 23:51:51,812,58
2024-01-27 23:52:01,812,61
2024-01-27 23:52:10,812,58
2024-01-27 23:52:19,812,63
2024-01-27 23:52:28,812,64
2024-01-27 23:52:37,812,60
2024-01-27 23:52:46,812,63
2024-01-27 23:52:56,812,68
2024-01-27 23:53:05,812,73
2024-01-27 23:53:15,812,70
2024-01-27 23:53:25,812,73
2024-01-27 23:53:35,812,77
2024-01-27 23:53:45,811,73
2024-01-27 23:53:55,812,77
2024-01-27 23:54:04,812,74
2024-01-27 23:54:13,812,76
2024-01-27 23:54:22,812,76
2024-01-27 23:54:32,811,71
2024-01-27 23:54:41,810,76
2024-01-27 23:54:50,812,74
2024-01-27 23:54:59,810,77
2024-01-27 23:55:08,811,78
2024-01-27 23:55:17,812,77
2024-01-27 23:55:26,812,75
2024-01-27 23:55:35,812,76
2024-01-27 23:55:45,812,72
2024-01-27 23:55:54,811,70
2024-01-27 23:56:03,809,75
2024-01-27 23:56:13,812,72
2024-01-27 23:56:22,812,71
2024-01-27 23:56:31,810,74
2024-01-27 23:56:41,812,75
2024-01-27 23:56:51,812,72
2024-01-27 23:57:00,812,76
2024-01-27 23:57:09,812,78
2024-01-27 23:57:19,812,80
2024-01-27 23:57:29,811,81
2024-01-27 23:57:38,812,83
2024-01-27 23:57:47,812,88
2024-01-27 23:57:57,812,91
2024-01-27 23:58:06,812,93
2024-01-27 23:58:15,812,88
2024-01-27 23:58:24,812,86
2024-01-27 23:58:33,812,88
2024-01-27 23:58:43,810,93
2024-01-27 23:58:53,812,90
2024-01-27 23:59:03,812,93
2024-01-27 23:59:12,812,92
2024-01-27 23:59:21,812,93
2024-01-27 23:59:30,812,93
2024-01-27 23:59:39,812,93
2024-01-27 23:59:48,812,89
2024-01-27 23:59:58,812,93
