timestamp,products,width,length,height
2024-02-01 08:00:01,8704,18.19711469231875,62.08569056542672,9.419535776045441
2024-02-01 08:01:16,8706,19.373150227687685,61.6003445991224,9.02916713602875
2024-02-01 08:02:42,8707,21.441971300293744,62.83274637782985,9.164120898830316
2024-02-01 08:03:55,8709,20.35398935434779,62.85947149195513,10.527623212843608
2024-02-01 08:05:15,8709,18.1770635833354,57.35872844614666,9.637243275390103
2024-02-01 08:06:33,8710,18.737049313827185,60.350775944199874,9.64135310357209
2024-02-01 08:07:56,8712,18.513231426605184,57.50591805756495,10.765743002799386
2024-02-01 08:09:15,8712,19.7594289525786,62.521615544514404,9.678737154804065
2024-02-01 08:10:42,8712,19.654549989293,57.37561222249557,10.283203932720113
2024-02-01 08:12:08,8712,20.803856379011574,57.14791267203236,9.143204853476195
2024-02-01 08:13:22,8713,18.32829191221966,60.81955316728304,10.845339761750669
2024-02-01 08:14:34,8715,18.460516113781036,57.695851532919,9.45768266925454
2024-02-01 08:15:56,8717,21.915859486616327,58.46641193813524,9.030608412359506
2024-02-01 08:17:21,8719,18.328608337062086,61.61890314825116,9.529939487437112
2024-02-01 08:18:39,8720,19.36189823082817,57.407455235917006,10.353913713892542
2024-02-01 08:19:52,8720,19.10518880955832,60.41256037261559,10.12170079468466
2024-02-01 08:21:11,8722,21.643229969019664,59.65963012992464,9.350546916589813
2024-02-01 08:22:37,8722,19.11546683473479,60.42013628366053,10.047147025542511
2024-02-01 08:23:57,8724,18.55275879671914,60.319237643093686,9.575345958850825
2024-02-01 08:25:09,8725,19.352354819408763,59.88133307162604,9.314274594296567
2024-02-01 08:26:30,8725,20.648627270295272,60.26154410479069,9.994070322607751
2024-02-01 08:27:44,8727,18.55053870336608,61.78610075039035,9.918494126385616
2024-02-01 08:29:11,8727,21.167241182105624,61.8705193971705,9.896380252410811
2024-02-01 08:30:36,8728,18.906224610458953,60.36361019427531,9.71928893328078
2024-02-01 08:32:01,8728,18.020966091744427,58.92677705924168,10.705882700202675
2024-02-01 08:33:15,8728,21.14233553388383,58.752653043254426,10.569750425902239
2024-02-01 08:34:32,8730,18.866088344782128,58.157211588597036,9.424294197587422
2024-02-01 08:35:59,8732,18.54525250615256,62.61440759998636,10.235973508385293
2024-02-01 08:37:19,8733,21.06627645001352,59.10017332330371,10.60523540352314
2024-02-01 08:38:38,8733,19.941841304390703,58.303916234594034,9.937201953980043
2024-02-01 08:40:03,8735,19.398715913279688,59.188323949031194,10.55241122901395
2024-02-01 08:41:23,8736,20.513288417085683,61.731493089106976,9.224225025482466
2024-02-01 08:42:35,8738,20.908679383664875,57.79696530274071,9.24959366437592
2024-02-01 08:43:49,8738,20.34473867579927,59.87621337237484,9.185715904653582
2024-02-01 08:45:02,8739,18.817253535228932,61.10320497816154,10.272834069754968
2024-02-01 08:46:26,8740,20.91806109143902,59.54922670081419,9.631552510322457
2024-02-01 08:47:41,8742,19.559061661418184,60.30957090713642,9.597938236108716
2024-02-01 08:49:08,8743,18.29685470789005,60.40742422112021,10.704657159808232
2024-02-01 08:50:25,8744,19.843420649831074,60.595895726775545,9.09166999690094
2024-02-01 08:51:37,8744,21.451246734706853,58.82454830656333,9.374275364536304
2024-02-01 08:52:52,8746,19.023938542436646,60.575756624364374,9.896950907922882
2024-02-01 08:54:08,8747,18.14549598241689,61.19333669267532,10.948873974375536
2024-02-01 08:55:33,8748,19.527505530582385,61.7005835348464,9.185509224462884
2024-02-01 08:56:51,8748,19.43419779165665,61.67450082873312,9.147451665241222
2024-02-01 08:58:18,8750,20.178445587972757,57.69958185956759,10.409907425500663
2024-02-01 08:59:35,8751,21.135238433780867,62.70665107487895,9.81940756839337
2024-02-01 09:00:53,8751,21.149043146211046,62.85130474544027,10.930912351443963
2024-02-01 09:02:06,8751,18.362713678670172,57.6083917048556,10.153477516779516
2024-02-01 09:03:30,8751,21.030429530452025,60.48716007616822,9.94872217049669
2024-02-01 09:04:50,8751,19.730662152009174,60.050131410504065,9.217503769473469
2024-02-01 09:06:05,8752,19.990185230263982,61.33338256775272,10.842140247311193
2024-02-01 09:07:18,8754,18.865797098652443,60.27525462701497,9.010422474715707
2024-02-01 09:08:44,8755,20.298605757242637,57.831126585715715,9.869108008972526
2024-02-01 09:09:59,8756,20.510413232227,62.0622091075838,10.3332077150387
2024-02-01 09:11:20,8757,20.70442407235061,58.75512519245502,10.061936049610456
2024-02-01 09:12:32,8758,20.146986669081397,59.18319463450026,10.946266436528257
2024-02-01 09:13:51,8759,20.772891783631447,58.07784474529832,10.923511895416954
2024-02-01 09:15:15,8761,18.928443724295864,58.654091587887144,10.68123134720608
2024-02-01 09:16:42,8762,21.84084000172693,58.69508124338062,10.808000714617844
2024-02-01 09:18:03,8764,19.374991487122347,61.9599748738523,9.678895736975612
2024-02-01 09:19:23,8766,20.458677927787832,62.87674225123884,9.139030590532847
2024-02-01 09:20:46,8768,19.618871889375033,62.849293696891124,10.689257041599788
2024-02-01 09:22:12,8768,19.015229657450543,57.74698652975045,10.41582841613212
2024-02-01 09:23:33,8769,19.173556351374256,59.93338300707887,10.969912209227719
2024-02-01 09:24:52,8770,20.90663771042651,58.627839469182234,10.79492813032149
2024-02-01 09:26:14,8772,18.725638746480207,61.22245043715664,10.389241870114997
2024-02-01 09:27:36,8773,19.529205685992792,58.9647634415774,9.634270173908085
2024-02-01 09:28:48,8773,19.137517040644116,61.47522046188759,9.977304193738034
2024-02-01 09:30:00,8775,21.800439306469798,57.27882748316999,10.673375992318984
2024-02-01 09:31:21,8777,20.42318102105627,62.784808871487414,10.879598027251514
2024-02-01 09:32:35,8778,19.950538403523495,57.921664323083476,9.646962934407128
2024-02-01 09:33:52,8778,19.45922152636856,59.79728247426206,9.098997352742554
2024-02-01 09:35:08,8780,18.414083964091894,61.789287591744646,10.086945116825257
2024-02-01 09:36:24,8780,20.00303052259891,62.531739280717964,10.697993816450515
2024-02-01 09:37:44,8780,18.642289098990048,62.05129398736524,9.848272001137422
2024-02-01 09:39:07,8782,18.253536945953314,59.64754246059524,9.086510390226472
2024-02-01 09:40:21,8784,18.885748478937618,62.56346275703382,9.147816318932163
2024-02-01 09:41:47,8786,21.87342153788877,57.423242228286924,9.48571976478151
2024-02-01 09:43:11,8786,21.361918622642005,60.230294315722006,10.70616867375688
2024-02-01 09:44:31,8786,20.521416488455174,61.62525228018623,10.475744231574058
2024-02-01 09:45:57,8787,20.99249179034899,61.74600203685189,10.897632935960608
2024-02-01 09:47:23,8788,20.077635240213823,57.50227067903883,9.099747611594115
2024-02-01 09:48:35,8789,18.73789147023239,58.160895220051614,9.540880482741795
2024-02-01 09:49:56,8790,18.904920549380968,57.48219338288401,10.998405614375823
2024-02-01 09:51:19,8791,18.47789686455286,61.844024471828305,9.581786698511998
2024-02-01 09:52:40,8791,19.53061360325473,59.371515548739715,9.954135640933556
2024-02-01 09:54:03,8791,19.473068766313048,57.42473082545885,10.562309087107874
2024-02-01 09:55:18,8792,18.410799554579018,62.95432683290532,10.082969881814979
2024-02-01 09:56:44,8792,20.34487490543906,61.589471636980804,9.46264275003539
2024-02-01 09:58:08,8792,19.127185125019334,61.215382252789354,10.781831004474741
2024-02-01 09:59:20,8793,20.20586808204976,59.272028402009745,10.291143045145093
2024-02-01 10:00:41,8793,18.809488412243454,58.815738163255396,10.788930301082313
2024-02-01 10:01:53,8793,18.17679384302176,58.49862960924305,9.476599471313301
2024-02-01 10:03:14,8793,18.427364476689196,61.773149910720214,10.848384769016802
2024-02-01 10:04:36,8795,20.130368576183308,58.81299554670101,9.42017160028832
2024-02-01 10:05:49,8797,18.337924001761667,58.67145320279471,9.66476381495676
2024-02-01 10:07:10,8797,20.158691276310034,59.81503519914422,9.222985204537824
2024-02-01 10:08:31,8798,19.4125062949602,58.89501203723357,9.735839807495855
2024-02-01 10:09:52,8799,21.861124279480514,60.69438992798138,10.583156523793098
2024-02-01 10:11:14,8799,18.67620937024856,61.18662878889711,9.329605201262048
2024-02-01 10:12:33,8801,21.095679453369396,57.96045584316331,9.44634796411606
2024-02-01 10:13:47,8803,20.744162588455886,62.31151956708677,10.93868355074654
2024-02-01 10:15:00,8805,19.58122820717388,60.35015906910302,9.249612158072798
2024-02-01 10:16:16,8805,20.073991416083132,62.29756326964403,10.715303820979619
2024-02-01 10:17:33,8805,21.932954168072335,58.61710017443987,9.848661772965455
2024-02-01 10:18:46,8806,20.182073347284536,59.73645888500304,10.489406052968928
2024-02-01 10:20:13,8806,20.463144056914285,58.790348164930286,9.307875013074028
2024-02-01 10:21:34,8806,20.19911592074248,57.57937894399896,9.944553462945544
2024-02-01 10:22:51,8808,19.34112405245116,60.474019077563156,10.633716382699623
2024-02-01 10:24:10,8809,19.653299382939828,62.08217332554055,10.959374445054095
2024-02-01 10:25:27,8810,20.013622010774533,58.22849298317107,10.697449098499044
2024-02-01 10:26:49,8812,20.241032904991023,59.27653105758934,9.071190240833277
2024-02-01 10:28:15,8812,19.417196251571465,59.586492585392946,9.638040247211466
2024-02-01 10:29:28,8814,19.74178884855618,61.950709004480586,10.71132267371259
2024-02-01 10:30:54,8814,21.458200122842996,61.387152726659544,9.011407308892139
2024-02-01 10:32:21,8816,19.795185438993855,60.927816180146046,10.450600750918879
2024-02-01 10:33:34,8817,18.606914333123658,58.826566910008935,9.404134129463664
2024-02-01 10:35:01,8819,21.929553662727344,58.80312523667797,9.045899588051894
2024-02-01 10:36:14,8819,19.585180791267714,61.40688233566536,9.158122520415905
2024-02-01 10:37:30,8819,18.342159262933464,59.16915537968438,9.114319194607512
2024-02-01 10:38:55,8821,19.78757841059684,59.9242006461788,10.780578206225627
2024-02-01 10:40:10,8821,21.300887193050315,57.682592372533776,9.079612469041859
2024-02-01 10:41:24,8822,18.840049147762432,60.249942675243496,9.020895445470769
2024-02-01 10:42:45,8824,21.922512078188774,61.894512626479326,10.478962828359712
2024-02-01 10:44:02,8824,18.206023131009342,59.74394244689372,10.940861651890428
2024-02-01 10:45:21,8826,20.41616297391612,59.756653526938926,9.415568287734526
2024-02-01 10:46:35,8827,19.627280987183823,59.66583201593008,9.127372606801627
2024-02-01 10:47:48,8827,19.25407136629717,60.10881490469316,9.76752177832692
2024-02-01 10:49:06,8829,19.67421292935634,58.14041791653535,9.120620278784722
2024-02-01 10:50:30,8829,20.8887373329602,59.981862764481846,10.153519626269347
2024-02-01 10:51:56,8829,18.26634811803578,57.91585895241068,10.59268161507357
2024-02-01 10:53:18,8830,20.72165150498288,58.13922688475261,10.71258090298725
2024-02-01 10:54:33,8831,21.762494987397528,59.27262602207319,9.329336475472042
2024-02-01 10:55:54,8831,19.74336783352435,62.43528326008011,9.75616075122794
2024-02-01 10:57:15,8832,20.790553359788966,62.50311032493038,10.947619600117013
2024-02-01 10:58:29,8834,18.324015733959754,60.2025504452914,10.202169450976905
2024-02-01 10:59:43,8836,20.14246947359084,59.87141134949508,9.157969009000075
2024-02-01 11:00:58,8837,21.294722018934934,58.77008368260845,10.994036713973225
2024-02-01 11:02:23,8837,19.28449510722145,62.8430371522668,9.946897315437843
2024-02-01 11:03:47,8838,21.102000218493792,62.79478338352179,10.79025472017279
2024-02-01 11:05:08,8838,20.579829339182528,58.07970742241793,9.446443933200737
2024-02-01 11:06:26,8839,21.82060139347641,57.99985877219444,9.764581869678718
2024-02-01 11:07:38,8839,19.845769835410177,57.70801024534178,10.202372254704075
2024-02-01 11:09:05,8839,21.672989882647585,59.141552267829894,9.538341679993488
2024-02-01 11:10:22,8839,18.72911851127205,61.81544448133434,9.183342737436085
2024-02-01 11:11:39,8841,18.122868809314937,57.89800663320233,9.336309650093172
2024-02-01 11:12:57,8841,18.41437621883563,61.83556453313453,10.42898063923428
2024-02-01 11:14:19,8843,20.569408299163715,60.90587669752027,10.457957820003946
2024-02-01 11:15:34,8845,18.5097807956354,62.61950749648619,9.664087719082104
2024-02-01 11:16:57,8847,18.177869361147078,58.48457967790465,9.448046656980921
2024-02-01 11:18:21,8848,19.67714088434275,60.78099716235653,9.3521123437718
2024-02-01 11:19:35,8848,19.238950286488404,58.69225458027377,10.702954834806173
2024-02-01 11:20:53,8849,21.1236787040432,59.42075583046614,10.834597000574316
2024-02-01 11:22:15,8850,20.015388716329824,58.27925850139876,10.744257988215743
2024-02-01 11:23:42,8852,19.128456446328222,60.22654658019656,9.335332549178359
2024-02-01 11:25:02,8854,20.690250077786327,59.4570896215,10.669456759082168
2024-02-01 11:26:28,8856,19.18328477522957,60.80952035428585,9.752722709419805
2024-02-01 11:27:47,8856,19.710279763892128,61.59718945275109,10.052789030384806
2024-02-01 11:29:01,8858,20.768573655658038,60.10052892406863,9.093519047435034
2024-02-01 11:30:22,8859,18.622746110300938,58.56427687876131,9.109863833254655
2024-02-01 11:31:34,8859,18.664413400625886,59.260410530838286,9.380905184843462
2024-02-01 11:32:47,8859,20.59234731886794,60.6238870973377,10.021545000919966
2024-02-01 11:34:03,8861,19.51429384664831,60.32417581623347,10.003053470419347
2024-02-01 11:35:21,8862,20.599675330917417,57.862939454534484,10.363230246011854
2024-02-01 11:36:46,8862,20.49141940307371,60.645753131190446,9.04861715631139
2024-02-01 11:38:06,8864,18.51099237645347,57.15802520550194,9.332662693183968
2024-02-01 11:39:27,8864,18.55655596200382,59.66806078084609,9.541986942691112
2024-02-01 11:40:52,8865,20.621662841985735,58.638555994613604,9.398652879184661
2024-02-01 11:42:04,8865,20.392931923683612,60.67712220548477,9.931782586303322
2024-02-01 11:43:18,8867,18.67301882240885,57.74847616642085,9.239532662784958
2024-02-01 11:44:40,8868,21.155866003090598,57.192525964452244,9.664549511010256
2024-02-01 11:46:00,8868,18.40713274537084,57.74149427132237,10.397642393258764
2024-02-01 11:47:18,8869,19.785272286433127,59.16509516350449,9.008879820736375
2024-02-01 11:48:35,8870,18.74157524601103,60.97582241713242,10.725009569411077
2024-02-01 11:49:59,8870,19.982478505032756,61.646499653235786,9.858044028478396
2024-02-01 11:51:16,8872,18.959003029709336,62.86276987251036,9.87944817963963
2024-02-01 11:52:39,8874,21.740625425388423,57.21356716121944,10.51348162751103
2024-02-01 11:53:52,8875,21.46412733370873,57.907903465388124,10.804721621454608
2024-02-01 11:55:04,8876,21.292065447532003,62.18933634367321,10.889244381482314
2024-02-01 11:56:21,8876,18.20259470263465,57.90263044029597,10.454920757183665
2024-02-01 11:57:34,8878,19.54505435573158,60.49503511291935,9.91430117669352
2024-02-01 11:58:48,8879,20.323185334271162,57.063219743755226,9.808207400665346
2024-02-01 12:00:03,8879,21.09234378011676,62.59139666895989,10.183137872961895
2024-02-01 12:01:21,8881,20.252891720863516,59.04581180622798,10.210730467739145
2024-02-01 12:02:48,8881,21.43766885536607,60.72077245172703,9.851018468405774
2024-02-01 12:04:05,8882,20.31696099882746,58.69616954124056,9.984853727443177
2024-02-01 12:05:18,8884,19.114570322506214,58.46509649858528,10.679513846838468
2024-02-01 12:06:38,8885,19.047165698976293,59.2739290164097,10.829992302840681
2024-02-01 12:08:00,8886,20.762383874340134,60.176244638532864,9.158741240593244
2024-02-01 12:09:15,8886,18.53400810989496,57.81587688311158,9.905594848043172
2024-02-01 12:10:42,8886,18.675224535120396,57.57222668960212,9.767721290560134
2024-02-01 12:11:55,8887,18.534545921424776,62.5824047029297,9.636670422592367
2024-02-01 12:13:20,8889,20.41335038336953,58.8333833040622,10.749967174163638
2024-02-01 12:14:43,8891,20.952440833949048,62.70540308119167,10.357317651352618
2024-02-01 12:16:02,8892,20.907047496062816,62.2170622140142,10.7792284158603
2024-02-01 12:17:29,8893,20.75195364410363,58.7928273314876,9.432662194908394
2024-02-01 12:18:45,8893,20.703160930503174,57.86301745866896,10.264673769134689
2024-02-01 12:20:12,8893,21.2318586463725,61.91107433102259,10.005335201985316
2024-02-01 12:21:37,8895,21.682341840337845,60.61383966299777,10.983100039871045
2024-02-01 12:22:54,8895,19.414059373754707,62.798660877787,9.08468576875243
2024-02-01 12:24:12,8895,19.707864933442995,57.378997833569485,9.766894530003462
2024-02-01 12:25:35,8896,21.207817302731762,59.608445808481314,10.189568974242881
2024-02-01 12:26:48,8896,19.338409677726606,60.420364547778014,9.467412577542639
2024-02-01 12:28:03,8897,20.67706693668425,62.26679129775263,10.71511017099435
2024-02-01 12:29:16,8899,20.550924740659113,62.51156244183198,9.314305112390244
2024-02-01 12:30:31,8901,20.376438259295615,58.197328079516545,10.12600189611965
2024-02-01 12:31:47,8901,19.98578821308591,60.98650306174646,9.763803369909445
2024-02-01 12:33:14,8903,21.855554299822913,62.03002960022098,9.094347310680085
2024-02-01 12:34:37,8903,18.67507239487773,61.717322002572054,10.894671122412387
2024-02-01 12:36:01,8905,21.342855502398216,58.87785367539207,9.112801047916458
2024-02-01 12:37:14,8906,21.41007211109548,57.285491872265574,9.251954848821121
2024-02-01 12:38:33,8907,19.255840257890974,62.79996545219409,10.969138526909664
2024-02-01 12:40:00,8908,21.213311748604077,60.399906750558294,9.562540225641104
2024-02-01 12:41:24,8908,21.224833714577038,59.0508345307542,9.70508392267578
2024-02-01 12:42:48,8909,18.529842805153436,60.7941999350624,10.51442240466922
2024-02-01 12:44:12,8909,20.458756387215693,62.2191777545141,9.562960735682674
2024-02-01 12:45:34,8910,21.965197481774116,58.399102584055804,9.829674252951449
2024-02-01 12:47:01,8910,20.3632560752919,58.5151394042991,10.520107048365242
2024-02-01 12:48:17,8911,21.275947274349253,58.22929867852168,9.244637247134884
2024-02-01 12:49:41,8911,18.964059014259572,58.537429306435634,10.067761123465596
2024-02-01 12:50:58,8913,20.31303005423176,57.40456698780247,9.770429058699001
2024-02-01 12:52:16,8913,18.878759899662498,61.89965232290329,9.444528660806302
2024-02-01 12:53:34,8915,20.1260592473614,59.442022449122206,9.755377009831276
2024-02-01 12:54:46,8915,20.769361302574506,58.17202128298824,9.752062079307244
2024-02-01 12:56:03,8916,19.25547830515955,59.98011327299044,9.568734758503151
2024-02-01 12:57:17,8916,20.342647026930862,60.25012908548662,9.354650724255219
2024-02-01 12:58:30,8917,20.72773398771826,59.445171999460605,9.018549620511392
2024-02-01 12:59:42,8919,18.731478657665793,58.747752894293846,9.49327846004033
2024-02-01 13:01:07,8920,18.399475773766707,62.00049953603524,10.10976963461051
2024-02-01 13:02:27,8920,19.52078882616918,60.80838988116321,9.004813684345478
2024-02-01 13:03:42,8922,18.772570017011105,58.48921256105289,9.242368727531742
2024-02-01 13:05:05,8923,20.09777060653543,60.292427592338555,9.313533740735611
2024-02-01 13:06:18,8925,20.77243435848232,61.349622007168655,9.317650560494204
2024-02-01 13:07:35,8925,18.15165943029317,60.00890273628527,9.545843922876811
2024-02-01 13:08:50,8926,19.918462664141085,61.928921851233305,10.339860552948325
2024-02-01 13:10:09,8928,19.128036911943354,61.431311992512356,10.587882049039644
2024-02-01 13:11:29,8929,21.726252278161468,59.999907624987024,10.059652134641638
2024-02-01 13:12:42,8929,20.03914096985873,62.970715629892446,9.173782851419402
2024-02-01 13:13:55,8930,18.501553719605877,59.36528904888555,9.055352617134442
2024-02-01 13:15:19,8931,20.551891418578208,62.089806872026585,10.735221772964751
2024-02-01 13:16:42,8931,21.585701189287427,60.03634729546452,9.319380629198335
2024-02-01 13:18:07,8933,18.697875259369834,59.488266711672615,10.532985704473187
2024-02-01 13:19:22,8933,21.588669306123123,60.41390905722509,9.474727963289208
2024-02-01 13:20:46,8933,18.243355260695765,58.57051866639359,9.102380643551465
2024-02-01 13:22:06,8934,20.474418071692657,62.52775720907201,10.461979334846768
2024-02-01 13:23:23,8936,21.195296300997075,60.78842850397197,9.597752620031665
2024-02-01 13:24:44,8936,18.88945518207592,57.75755235296746,9.706850897986001
2024-02-01 13:26:10,8938,18.008005308013175,60.995338505039726,10.561357924393114
2024-02-01 13:27:32,8938,18.132097460954927,59.03215712574397,10.785258545418326
2024-02-01 13:28:47,8939,18.27546915046969,62.89288510287294,9.890986333281354
2024-02-01 13:30:08,8941,21.62985979685329,62.98002965015649,9.00116509716106
2024-02-01 13:31:23,8941,20.73667870387708,58.67606622774408,10.722879073975381
2024-02-01 13:32:44,8942,21.633116710401662,60.992920122344835,9.860405131102132
2024-02-01 13:34:00,8942,20.062126611380457,57.85480782308807,9.278217542889841
2024-02-01 13:35:18,8943,20.826446725756487,57.49602120231409,9.042937245739983
2024-02-01 13:36:38,8945,21.091770456300367,61.337785876601664,9.189660184240289
2024-02-01 13:38:03,8946,19.006310141151538,61.133379007979045,10.497649240566448
2024-02-01 13:39:26,8948,20.815622014186307,62.53013615052805,9.617315316639289
2024-02-01 13:40:51,8948,20.094985901449935,59.36224391640474,9.18330863824924
2024-02-01 13:42:18,8948,18.384972997139293,58.496973849901686,10.727760709420572
2024-02-01 13:43:33,8950,19.5557265289388,59.30542541520477,9.89718434998857
2024-02-01 13:44:58,8950,20.52643966589474,61.758116817486446,10.178925311244345
2024-02-01 13:46:13,8952,21.22538260323712,59.70842885862747,9.92706170470457
2024-02-01 13:47:38,8954,21.63728051205384,60.810561344782755,10.270514387279128
2024-02-01 13:49:05,8956,19.453394738286843,57.78554326978418,9.746522746552012
2024-02-01 13:50:19,8957,19.593815273931934,58.60858926840117,10.340310175818576
2024-02-01 13:51:40,8957,19.79704178477339,57.558453714554645,9.42036717709541
2024-02-01 13:52:57,8958,19.28451023258878,61.56831727524576,10.773561725589728
2024-02-01 13:54:15,8958,21.80256024018389,58.908719806175235,9.29134833106126
2024-02-01 13:55:33,8960,19.538490895658757,62.047440891916594,10.574962895351682
2024-02-01 13:56:47,8961,20.716311870221713,61.24407156292498,10.662270623350521
2024-02-01 13:58:11,8963,21.092180427317714,58.74381874943864,9.03927779665785
2024-02-01 13:59:26,8965,20.471746841354822,59.98222359602782,10.09304240900034
2024-02-01 14:00:47,8966,18.95481805512052,58.227063495912084,10.880006294284524
2024-02-01 14:02:08,8967,20.225206967919103,58.09645895717764,10.010538636672727
2024-02-01 14:03:25,8969,19.224493207815428,61.86786395894535,9.500446227430363
2024-02-01 14:04:43,8971,18.48417172905966,60.51898693563912,10.7820720160642
2024-02-01 14:06:06,8972,19.826761253662326,58.59723440396108,9.146423747569013
2024-02-01 14:07:22,8974,21.444572032521577,60.50976199695246,10.746331350367143
2024-02-01 14:08:45,8975,20.85393053477258,61.02814260927902,10.974929216252535
2024-02-01 14:10:06,8975,21.438699625939876,60.10780226296704,9.14598625964213
2024-02-01 14:11:29,8975,18.740347369173556,60.4940896609773,9.870599414196645
2024-02-01 14:12:53,8977,21.74815580273034,58.357025020484116,10.057080496873228
2024-02-01 14:14:05,8979,19.003841573408273,57.24641624218572,10.000736127705785
2024-02-01 14:15:21,8980,18.230515258030167,60.36955271719374,10.67075730794804
2024-02-01 14:16:44,8980,20.485591652233946,59.258300250315166,9.590068855505491
2024-02-01 14:18:07,8982,18.841782595677053,58.648749355571155,10.72821658023792
2024-02-01 14:19:22,8984,20.805266506505237,60.42813852293746,10.671153038041744
2024-02-01 14:20:46,8985,18.401567777175774,58.01971786768855,9.736781479741447
2024-02-01 14:22:10,8986,20.99894269842217,57.44933859639417,10.457500962351515
2024-02-01 14:23:25,8988,21.71559260883073,62.88964176060231,10.471093883734154
2024-02-01 14:24:45,8990,18.662301945927307,62.85922336946254,10.457249008045137
2024-02-01 14:25:59,8992,20.994694162481125,58.56016992701254,9.025028068204064
2024-02-01 14:27:14,8992,18.54507723437817,60.8148066941789,9.038018701831641
2024-02-01 14:28:27,8992,18.161764384871308,62.23609174569661,9.670703777629043
2024-02-01 14:29:39,8994,21.57816106114988,59.62910714142516,10.023530954250008
2024-02-01 14:31:00,8994,21.466853314705588,61.804688572285094,9.44301088081905
2024-02-01 14:32:25,8996,20.148677585631603,60.356005962318086,9.76474309811892
2024-02-01 14:33:39,8997,18.54703351183168,58.651666540074864,9.191544889761252
2024-02-01 14:34:55,8998,19.54754665376634,61.26111745774654,10.621385685915241
2024-02-01 14:36:14,9000,19.2424547535807,59.47129335057588,10.711432475549572
2024-02-01 14:37:31,9001,21.63605891122353,61.44497646623554,10.253309209277509
2024-02-01 14:38:46,9002,19.77044988973448,59.64793248059959,10.288010648214058
2024-02-01 14:40:04,9002,18.854892817504112,60.56209397404868,10.127102987777278
2024-02-01 14:41:22,9003,20.83922465589004,59.370079653175885,9.898152915064394
2024-02-01 14:42:41,9005,19.82484608575886,61.27826504859675,10.484906854803082
2024-02-01 14:44:06,9006,19.97100020356236,58.964607043599045,9.067354006380342
2024-02-01 14:45:27,9007,20.868047785119423,58.33233664010196,9.12657932345336
2024-02-01 14:46:41,9008,20.597826158443276,58.55270558219775,9.052020501026897
2024-02-01 14:48:01,9009,19.22655701785915,59.816330627740186,9.317835880633618
2024-02-01 14:49:22,9011,20.118012700604073,60.85418131591307,9.042998900207305
2024-02-01 14:50:45,9012,19.5223122930418,60.101207184816175,10.469191939869175
2024-02-01 14:52:01,9013,19.6915729636758,62.94734434477277,10.454140505430882
2024-02-01 14:53:28,9015,21.75764329776172,60.855090725376364,10.722119426195292
2024-02-01 14:54:46,9015,20.457014968782847,57.9728761822365,10.012251159448283
2024-02-01 14:56:05,9016,19.225384397243303,58.16807072145725,9.471288102798638
2024-02-01 14:57:17,9017,18.713263718771387,58.36108820590497,9.377429768669376
2024-02-01 14:58:33,9017,21.557899377875692,60.57759146164268,10.384071406773964
2024-02-01 14:59:53,9018,18.141399016063772,57.87029391395748,9.169164816593808
2024-02-01 15:01:16,9019,20.81281130567969,61.12387417365093,9.55807013756842
2024-02-01 15:02:41,9019,19.423473209997596,60.07114149036989,10.581447022614528
2024-02-01 15:04:05,9020,21.582425936806665,59.758152593026146,10.001111958906735
2024-02-01 15:05:25,9021,20.76738136226068,57.655538831516,10.59915812016008
2024-02-01 15:06:49,9021,21.743615135437526,57.69159052304104,10.093474105485596
2024-02-01 15:08:14,9021,18.155227733397723,60.48115457924181,10.419062670470991
2024-02-01 15:09:27,9023,19.970870658191576,59.2059886549198,9.627863627069978
2024-02-01 15:10:47,9025,21.40508807862827,61.40820895374462,10.189004367944523
2024-02-01 15:12:11,9025,18.67793059492539,62.26446231625115,10.00764579450756
2024-02-01 15:13:30,9027,19.553466239527133,59.072823391399105,9.721116688459226
2024-02-01 15:14:52,9029,21.23431216646192,60.805454202656136,10.230555690962232
2024-02-01 15:16:15,9029,18.533461644053894,60.92500590056479,10.863263828547296
2024-02-01 15:17:35,9030,20.247272750766022,57.504649121221775,10.334945441178522
2024-02-01 15:18:52,9032,20.134399140089727,62.83853861929682,9.575741250783077
2024-02-01 15:20:16,9034,19.132509807405857,60.15979841685927,10.469824253942615
2024-02-01 15:21:32,9035,19.45702206558659,58.01702223790853,9.35936457349289
2024-02-01 15:22:50,9035,20.013861617315847,60.7186377833551,9.4842739161546
2024-02-01 15:24:17,9035,18.127915086235003,57.90021513507471,10.043901402378493
2024-02-01 15:25:39,9035,20.252421738448557,60.87109333036264,9.11868478880811
2024-02-01 15:26:53,9036,19.106317262074672,60.289527680262864,10.701195218003875
2024-02-01 15:28:17,9037,20.19361370866785,58.727185313200145,9.218899698622664
2024-02-01 15:29:29,9037,21.44104891714361,59.59562160643811,10.906950296227498
2024-02-01 15:30:46,9038,18.985369676502124,59.957592257650276,9.192294739929476
2024-02-01 15:32:02,9039,21.3085910435376,58.66471468194855,9.845548941049364
2024-02-01 15:33:22,9039,21.54433419285931,58.656030235813645,9.078609358180884
2024-02-01 15:34:48,9039,20.86793351991656,61.19130610528658,9.793488022333456
2024-02-01 15:36:03,9041,18.943588367661203,59.49761456365661,9.718534016345021
2024-02-01 15:37:19,9042,21.908827555406205,62.74335223926899,10.387864400747201
2024-02-01 15:38:34,9042,21.897365119174975,58.66438336498266,9.306103756503964
2024-02-01 15:39:57,9043,19.092611695164628,57.35718603671396,9.233316828151382
2024-02-01 15:41:21,9045,19.96780874936841,57.95890543679655,9.152032173570504
2024-02-01 15:42:36,9045,20.894710223508522,57.338526035524055,10.679476815331606
2024-02-01 15:44:00,9047,20.691104792073723,58.77337242925066,10.146580639762973
2024-02-01 15:45:19,9049,20.91734428745775,62.48785915447415,9.192821444616918
2024-02-01 15:46:42,9049,19.68100397911227,57.19963517585086,9.957686640476565
2024-02-01 15:47:54,9049,19.86420597326046,58.02637935701924,10.537880939888739
2024-02-01 15:49:20,9049,21.989613121681764,58.5429054858607,10.882141513755865
2024-02-01 15:50:32,9051,18.105783731376935,61.54729930040328,10.253652023502228
2024-02-01 15:51:48,9051,21.346477252897426,58.86264843797495,10.687869586803806
2024-02-01 15:53:15,9051,18.959289445109018,58.99482108568173,10.455582668043938
2024-02-01 15:54:27,9052,19.871278875813353,62.16293330099029,9.805277501402804
2024-02-01 15:55:44,9052,19.960702790304072,62.50376055177707,10.626256062444641
2024-02-01 15:57:04,9053,19.994450507317975,57.9046642241817,9.804625535238884
2024-02-01 15:58:26,9055,20.426020992210564,57.396353797783185,9.464677310904918
2024-02-01 15:59:52,9055,19.737505871914824,57.4904022822086,10.693542819637985
